student_id,placed
S00802,1
S02107,1
S01945,1
S01956,0
S01828,1
S01794,0
S01864,1
S00144,0
S02319,0
S00775,1
S01125,0
S02267,0
S02401,1
S01120,0
S01329,0
S00786,0
S01343,1
S01787,1
S01683,0
S02269,0
S01725,0
S00758,1
S01792,0
S02360,1
S00465,0
S02235,0
S00846,0
S02230,1
S02067,0
S01567,0
S02300,0
S01204,0
S01550,1
S01645,0
S01334,1
S00701,1
S00442,0
S00399,0
S00805,0
S01302,1
S02232,1
S00178,0
S01730,0
S01264,0
S02119,1
S00746,0
S00756,0
S01766,1
S00498,1
S02181,0
S00396,0
S01608,1
S00634,0
S02127,0
S00626,0
S00952,0
S01275,0
S00954,0
S02354,1
S01746,1
S00949,0
S01335,0
S01029,1
S00065,1
S00782,1
S02116,0
S00066,0
S01781,0
S01519,0
S01051,0
S00189,0
S00893,0
S00241,0
S00287,1
S01569,0
S01702,0
S02311,0
S00811,0
S00622,1
S02364,0
S00989,0
S01966,0
S02125,1
S01698,0
S00282,0
S01972,0
S01152,0
S01216,1
S02304,0
S00354,1
S02420,0
S01535,0
S00600,0
S00762,0
S00838,1
S01897,1
S01841,0
S00032,0
S01181,0
S01282,0
