student_id,department,city_tier,cgpa,backlogs,internship_months,coding_score,projects,workshops,status_code,placed
S00802,CSE,2,7.0,1.0,5,56.6,5,4,,1
S02107,CSE,3,8.06,1.0,4,29.9,1,3,1.0,1
S01945,CSE,3,7.92,0.0,0,52.4,2,2,0.0,0
S01956,MECH,2,7.49,1.0,1,37.3,1,1,0.0,0
S01828,CSE,2,8.8,,0,82.2,2,3,1.0,1
S01794,IT,2,7.24,0.0,2,23.9,1,4,0.0,0
S01864,CSE,2,7.45,,0,49.2,3,4,1.0,1
S00144,IT,2,6.49,4.0,2,17.8,2,2,,0
S02319,EEE,3,7.64,0.0,0,60.4,1,3,0.0,0
S00775,ECE,3,7.53,0.0,6,52.5,3,2,0.0,0
S01125,CSE,1,8.34,2.0,0,,1,1,0.0,0
S02267,ECE,3,6.25,2.0,4,28.6,0,2,0.0,0
S02401,CSE,2,8.06,0.0,1,67.6,3,4,1.0,1
S01120,CIVIL,3,7.12,0.0,4,69.9,1,3,1.0,1
S01329,CSE,3,7.45,0.0,0,,0,0,0.0,0
S00786,CSE,3,7.41,,3,42.4,1,2,0.0,0
S01343,EEE,1,9.11,0.0,3,55.1,2,3,1.0,1
S01787,CSE,2,7.32,0.0,6,37.5,1,0,1.0,1
S01683,IT,2,6.38,0.0,4,,2,0,0.0,0
S02269,CSE,2,7.32,0.0,1,46.8,1,2,0.0,0
S01725,IT,1,5.22,,6,31.2,2,2,0.0,0
S00758,CSE,3,6.79,1.0,6,55.4,1,2,1.0,1
S01792,IT,1,6.43,4.0,0,32.7,0,4,0.0,0
S02360,CSE,2,8.4,0.0,1,57.2,1,2,0.0,0
S00465,IT,2,5.84,,0,32.3,0,4,0.0,0
S02235,CSE,3,7.26,0.0,2,38.3,1,1,0.0,0
S00846,IT,1,,1.0,3,46.2,0,2,0.0,0
S02230,EEE,1,9.78,0.0,0,87.6,3,2,1.0,1
S02067,EEE,1,6.6,4.0,0,39.2,0,2,0.0,0
S01567,CIVIL,2,6.67,,1,,0,1,0.0,0
S02300,IT,1,,2.0,3,74.9,3,1,1.0,1
S01204,IT,2,7.07,2.0,0,34.0,3,1,0.0,0
S01550,CSE,2,7.52,1.0,4,53.6,0,1,0.0,0
S01645,MECH,1,8.32,0.0,3,,0,1,0.0,0
S01334,IT,3,8.42,,2,68.1,4,0,1.0,1
S00701,CSE,3,7.51,0.0,0,57.7,3,1,0.0,0
S00442,IT,3,6.9,0.0,2,40.7,1,2,0.0,0
S00399,EEE,3,7.07,0.0,1,64.7,0,3,1.0,1
S00805,CSE,2,5.76,1.0,3,48.7,3,2,0.0,0
S01302,EEE,1,8.59,2.0,5,56.0,3,3,1.0,1
S02232,IT,3,7.99,0.0,5,57.2,1,2,0.0,0
S00178,MECH,3,6.59,2.0,6,42.6,1,3,0.0,0
S01730,CSE,2,6.19,2.0,3,31.1,1,4,1.0,0
S01264,CSE,1,6.14,1.0,2,46.9,1,2,0.0,0
S02119,CSE,2,8.15,1.0,0,65.5,1,2,1.0,1
S00746,EEE,1,7.82,1.0,4,55.0,1,3,0.0,0
S00756,CSE,2,5.03,1.0,3,8.4,0,3,0.0,0
S01766,CSE,3,7.68,1.0,6,93.5,1,3,1.0,1
S00498,CSE,2,6.22,,6,67.9,2,4,1.0,1
S02181,EEE,3,7.92,0.0,1,42.9,3,1,1.0,0
S00396,IT,2,7.06,,0,67.2,2,2,0.0,0
S01608,CSE,1,,0.0,6,,1,4,0.0,0
S00634,IT,3,7.89,3.0,0,47.9,1,2,0.0,0
S02127,ECE,2,6.97,3.0,6,47.1,1,2,0.0,0
S00626,MECH,2,7.77,0.0,4,55.4,2,1,0.0,0
S00952,IT,1,6.69,0.0,2,44.6,1,1,0.0,0
S01275,CSE,2,7.2,0.0,0,52.2,1,2,1.0,1
S00954,CIVIL,3,7.8,1.0,2,46.5,3,2,0.0,0
S02354,EEE,1,8.53,0.0,1,76.0,1,3,,1
S01746,CSE,2,7.58,1.0,2,55.2,2,1,0.0,0
S00949,MECH,2,8.74,1.0,0,54.4,1,0,0.0,0
S01335,MECH,1,7.74,2.0,0,57.8,3,1,0.0,0
S01029,CSE,1,7.95,1.0,3,53.8,1,4,1.0,1
S00065,CSE,3,8.08,1.0,0,100.0,3,3,0.0,0
S00782,EEE,2,9.01,0.0,3,93.1,1,0,0.0,0
S02116,MECH,2,7.35,2.0,6,51.0,3,1,0.0,0
S00066,IT,3,8.03,0.0,1,59.3,0,4,,0
S01781,IT,2,6.61,0.0,0,,1,4,0.0,0
S01519,IT,3,6.29,1.0,0,15.6,0,3,0.0,0
S01051,CIVIL,2,7.86,0.0,1,75.2,3,1,1.0,1
S00189,EEE,2,6.87,0.0,4,,1,4,0.0,0
S00893,IT,2,,,0,54.3,0,2,0.0,0
S00241,ECE,2,7.4,0.0,0,75.2,0,1,0.0,0
S00287,IT,2,6.99,0.0,6,57.7,1,4,0.0,0
S01569,EEE,2,6.46,0.0,3,,0,2,0.0,0
S01702,CSE,2,7.54,1.0,0,40.2,0,0,1.0,1
S02311,EEE,3,6.48,2.0,4,35.2,2,1,0.0,0
S00811,CSE,2,5.53,3.0,1,,0,1,0.0,0
S00622,CSE,1,7.55,0.0,0,53.6,3,4,1.0,1
S02364,CSE,3,6.84,1.0,0,58.4,1,1,1.0,1
S00989,ECE,2,7.28,0.0,0,54.5,1,3,,0
S01966,MECH,2,6.19,1.0,1,59.7,2,1,0.0,0
S02125,CSE,1,7.47,0.0,4,79.8,3,2,1.0,1
S01698,CSE,3,6.53,1.0,5,,2,2,1.0,1
S00282,IT,1,6.68,0.0,0,42.1,1,1,0.0,0
S01972,IT,2,6.79,0.0,4,38.9,0,3,0.0,0
S01152,MECH,3,6.98,1.0,3,59.3,1,4,0.0,0
S01216,CSE,3,7.91,0.0,0,50.7,0,2,1.0,1
S02304,MECH,2,8.12,0.0,0,64.0,2,2,0.0,0
S00354,CSE,3,8.14,2.0,1,76.5,1,0,0.0,0
S02420,MECH,1,7.93,0.0,4,55.4,0,3,0.0,0
S01535,CIVIL,2,6.74,0.0,2,55.4,1,0,0.0,0
S00600,IT,3,6.0,1.0,4,43.9,5,3,0.0,0
S00762,IT,1,7.66,0.0,3,51.1,1,2,0.0,0
S00838,CSE,3,8.21,2.0,0,64.6,1,4,0.0,0
S01897,CSE,1,7.05,1.0,4,52.4,2,4,0.0,0
S01841,EEE,2,6.52,1.0,0,30.0,1,1,0.0,0
S00032,CIVIL,1,7.73,1.0,4,57.2,2,0,0.0,0
S01181,IT,1,7.17,0.0,0,49.7,1,3,,0
S01282,ECE,3,6.11,1.0,0,,2,4,0.0,0
S01442,CSE,2,7.77,0.0,1,65.1,0,3,1.0,0
S01526,CSE,1,7.34,0.0,6,64.5,2,0,1.0,1
S00850,CSE,1,9.49,0.0,5,,1,2,1.0,1
S01739,IT,1,7.4,0.0,0,61.4,0,2,,0
S00188,CIVIL,1,6.35,0.0,4,29.8,0,1,0.0,0
S01046,CSE,2,8.41,0.0,2,70.8,3,0,1.0,1
S01789,CSE,2,7.76,,2,,0,3,0.0,0
S00725,CSE,3,7.89,0.0,0,60.8,2,2,1.0,1
S00607,CSE,2,6.81,2.0,0,47.4,0,4,0.0,0
S00257,CSE,1,6.35,3.0,0,33.8,1,3,0.0,0
S01468,CIVIL,1,7.51,0.0,0,45.3,3,0,0.0,0
S00785,IT,1,7.61,1.0,3,35.4,1,2,,0
S02231,CSE,2,8.2,0.0,6,75.9,3,2,1.0,1
S01973,CSE,2,7.53,1.0,6,41.5,1,1,0.0,0
S01950,CSE,2,7.82,0.0,4,90.2,1,1,1.0,1
S00239,CSE,1,7.99,1.0,0,56.0,1,3,1.0,1
S02398,CSE,1,7.97,0.0,0,77.3,1,2,1.0,1
S01975,IT,2,7.48,0.0,5,60.8,1,4,0.0,0
S01433,IT,1,8.09,0.0,0,82.5,2,0,,0
S00332,IT,3,6.1,1.0,2,22.2,2,1,0.0,0
S00177,EEE,3,7.28,0.0,6,,1,1,0.0,0
S02330,ECE,2,,2.0,6,43.7,2,1,0.0,0
S00487,ECE,2,7.76,1.0,0,,0,0,0.0,0
S00050,IT,2,7.51,0.0,1,40.3,2,4,1.0,1
S02041,CSE,1,6.89,0.0,3,,2,2,0.0,0
S01727,IT,1,7.49,1.0,5,59.7,3,0,1.0,1
S01484,ECE,1,6.2,1.0,1,54.4,0,0,1.0,1
S01162,IT,1,7.19,1.0,0,54.8,3,4,1.0,1
S01082,EEE,3,7.21,0.0,1,60.0,1,2,0.0,0
S00273,EEE,1,6.94,2.0,0,,0,0,0.0,0
S00939,CSE,2,8.14,,6,66.1,3,4,1.0,1
S01719,CSE,1,6.76,1.0,0,68.8,1,0,0.0,0
S00039,IT,1,7.64,1.0,0,60.7,0,0,0.0,0
S02424,CSE,3,7.27,2.0,0,59.6,0,4,0.0,0
S01085,IT,2,8.96,2.0,2,71.2,1,4,1.0,1
S02308,MECH,3,5.13,5.0,3,65.7,1,3,0.0,0
S01614,CSE,2,7.06,,5,,0,1,1.0,1
S01970,IT,2,7.77,0.0,5,67.0,2,1,0.0,0
S00505,CSE,3,6.77,1.0,0,29.2,2,1,0.0,0
S01961,CSE,2,7.53,,0,61.6,1,0,1.0,1
S00046,CIVIL,1,5.91,0.0,0,29.2,2,0,0.0,0
S00830,CSE,2,7.32,1.0,4,64.1,1,1,0.0,0
S01436,IT,2,8.57,,0,61.1,0,2,1.0,1
S01685,IT,1,7.83,1.0,2,32.2,2,4,0.0,0
S00821,CSE,2,5.86,0.0,0,33.4,2,3,0.0,0
S00575,CSE,3,6.9,1.0,0,68.2,2,4,0.0,0
S02219,CSE,3,5.33,3.0,4,41.1,0,4,0.0,0
S01999,IT,3,7.8,1.0,0,46.9,1,1,1.0,1
S02111,CSE,2,6.28,1.0,3,29.4,1,4,0.0,0
S02018,IT,3,7.87,0.0,3,55.5,0,0,1.0,1
S00077,CSE,3,8.0,1.0,0,,0,2,0.0,0
S02458,CSE,2,6.4,0.0,4,58.2,2,4,1.0,1
S02205,IT,2,5.32,1.0,1,39.8,1,1,0.0,0
S00988,CSE,2,7.21,2.0,6,70.9,2,4,1.0,1
S01399,IT,1,6.44,0.0,2,49.3,2,0,0.0,0
S01581,IT,1,6.59,0.0,1,,0,0,0.0,0
S00044,ECE,3,8.02,0.0,0,56.0,1,1,0.0,0
S01448,IT,3,6.61,1.0,0,36.5,1,0,0.0,0
S01016,CSE,1,8.77,0.0,6,76.5,0,2,1.0,1
S01050,CSE,3,8.06,0.0,3,56.7,1,0,1.0,1
S01076,IT,2,7.9,0.0,4,79.6,0,0,0.0,0
S00461,IT,2,7.01,0.0,1,64.5,5,1,0.0,0
S01106,ECE,3,6.19,,0,35.4,0,4,0.0,0
S01933,CSE,3,8.15,0.0,0,,1,3,1.0,1
S02228,IT,2,6.62,0.0,5,49.9,1,4,,0
S00356,MECH,1,7.09,0.0,2,55.2,1,2,0.0,0
S01454,CSE,2,6.28,0.0,0,33.5,1,1,0.0,0
S01023,CSE,2,6.29,0.0,0,33.1,3,2,0.0,0
S00225,IT,1,7.51,2.0,2,64.8,1,0,0.0,0
S00676,MECH,3,7.64,2.0,6,46.7,1,4,0.0,0
S01103,CSE,3,5.35,1.0,6,64.1,1,1,0.0,0
S00427,IT,2,7.7,0.0,3,84.1,1,3,1.0,1
S01180,CSE,1,6.91,2.0,5,47.6,1,1,0.0,0
S01618,IT,1,6.92,,0,24.1,0,4,0.0,0
S02418,ECE,2,7.65,2.0,5,48.4,1,2,0.0,0
S01312,MECH,1,7.41,1.0,2,,1,0,0.0,0
S00364,CSE,1,7.1,0.0,2,60.0,0,4,1.0,1
S01137,CSE,2,7.55,0.0,3,60.5,1,1,0.0,0
S00435,CSE,1,8.03,1.0,0,47.1,0,1,0.0,0
S00391,ECE,3,6.93,1.0,0,,2,2,1.0,0
S01352,CIVIL,1,7.38,0.0,2,,1,4,0.0,0
S01354,IT,1,7.58,0.0,3,61.6,2,1,1.0,1
S01281,CSE,2,8.11,0.0,2,57.9,2,3,1.0,1
S01773,IT,1,6.97,1.0,4,53.8,1,0,1.0,1
S02081,ECE,1,8.65,1.0,0,,2,4,1.0,1
S00031,CIVIL,2,7.47,0.0,5,63.7,2,2,0.0,0
S00972,CSE,3,8.03,2.0,5,,2,1,1.0,1
S00515,IT,2,6.93,1.0,0,89.8,1,3,0.0,0
S00967,EEE,1,7.08,1.0,5,,0,0,0.0,0
S01747,CIVIL,3,6.18,1.0,5,51.5,2,0,0.0,0
S01682,CSE,2,7.35,1.0,0,68.6,1,4,1.0,1
S01367,ECE,1,6.97,1.0,1,67.9,0,2,1.0,0
S02105,EEE,2,8.96,2.0,3,45.1,2,4,0.0,0
S01795,CSE,3,7.62,1.0,0,56.7,3,1,1.0,1
S00632,CSE,3,7.66,0.0,4,60.2,1,2,0.0,0
S01116,CSE,1,9.61,,3,100.0,4,4,1.0,1
S01156,CSE,1,5.69,0.0,0,25.0,3,2,1.0,1
S01514,CSE,1,6.98,1.0,0,,5,3,0.0,0
S00433,IT,2,6.9,1.0,1,36.7,0,0,0.0,0
S00728,EEE,3,6.97,1.0,0,59.8,0,2,0.0,0
S00531,CSE,1,8.66,0.0,1,55.7,2,1,1.0,1
S00545,CSE,1,6.79,1.0,0,43.5,1,3,0.0,0
S01935,ECE,1,5.71,1.0,3,35.2,1,4,0.0,0
S00749,EEE,2,6.89,0.0,3,50.6,2,2,0.0,0
S01092,CSE,3,6.88,1.0,0,28.0,1,3,0.0,0
S00689,ECE,3,7.13,0.0,0,61.1,1,1,0.0,0
S02086,IT,2,6.24,2.0,1,39.3,1,4,1.0,1
S02152,IT,1,7.8,1.0,0,80.2,0,0,0.0,0
S02076,CSE,2,6.18,2.0,0,44.1,0,2,0.0,0
S02249,IT,1,6.1,0.0,0,,0,2,0.0,0
S00283,CSE,3,6.3,1.0,3,42.4,1,1,0.0,0
S01866,MECH,2,7.55,1.0,0,,1,0,0.0,0
S01672,CSE,2,7.09,0.0,0,62.5,1,1,,0
S00911,ECE,1,7.79,1.0,2,62.9,1,1,0.0,0
S00534,MECH,2,6.35,0.0,0,38.9,0,0,0.0,0
S02047,EEE,1,8.84,1.0,0,45.5,2,0,0.0,0
S01470,IT,2,6.78,1.0,1,40.2,1,1,0.0,0
S02204,IT,3,6.36,2.0,5,58.6,1,2,0.0,0
S02182,EEE,2,7.79,1.0,0,37.1,0,2,0.0,0
S02430,CSE,1,8.6,0.0,3,90.5,7,2,1.0,1
S00620,EEE,3,7.91,0.0,2,57.4,0,4,0.0,0
S00566,MECH,2,7.87,1.0,0,82.5,3,1,1.0,1
S00910,ECE,2,8.17,0.0,0,,2,2,0.0,0
S01998,CSE,1,7.94,0.0,0,52.5,5,1,0.0,0
S01568,MECH,2,7.46,0.0,1,51.0,0,1,0.0,0
S01917,CSE,3,8.47,0.0,0,,3,4,1.0,1
S00370,IT,1,6.83,3.0,0,56.1,0,0,0.0,0
S01671,EEE,1,7.4,1.0,2,35.2,0,0,,0
S01409,IT,1,7.26,1.0,0,,1,3,0.0,0
S00935,ECE,3,6.92,1.0,0,61.2,2,2,0.0,0
S01482,CSE,2,7.1,0.0,4,,2,0,1.0,1
S02370,MECH,2,6.71,4.0,4,53.2,1,2,0.0,0
S01042,CSE,2,7.71,0.0,6,57.6,0,1,1.0,1
S01806,ECE,2,6.59,2.0,0,31.6,1,0,0.0,0
S01401,CSE,2,7.08,0.0,4,,0,1,0.0,0
S02361,ECE,3,7.56,0.0,4,54.0,0,4,1.0,1
S02371,MECH,2,6.49,1.0,6,45.8,2,1,0.0,0
S00890,ECE,1,8.35,1.0,0,54.9,3,0,0.0,0
S01979,CSE,2,6.08,1.0,1,37.4,2,1,0.0,0
S00154,ECE,1,8.33,0.0,6,53.0,0,4,1.0,1
S01665,ECE,1,7.55,2.0,0,61.0,2,3,0.0,0
S01803,ECE,3,7.87,1.0,2,67.2,3,2,0.0,0
S00467,CSE,2,8.51,3.0,1,,1,4,0.0,0
S00409,CSE,2,8.19,1.0,3,55.3,2,0,,0
S01553,MECH,2,7.23,0.0,5,55.1,1,0,1.0,0
S02014,CSE,2,6.12,1.0,2,23.3,4,3,0.0,0
S01818,IT,1,7.59,0.0,1,59.4,0,1,1.0,1
S00901,ECE,1,7.53,2.0,0,47.5,5,2,0.0,0
S00313,CSE,3,7.26,0.0,5,65.5,1,3,0.0,0
S02221,CIVIL,3,7.65,1.0,2,83.2,0,2,0.0,0
S00998,CSE,3,6.76,2.0,0,47.1,0,1,0.0,0
S02299,CSE,2,6.62,1.0,0,27.9,2,0,1.0,1
S01001,CSE,2,6.94,0.0,0,40.4,0,2,0.0,0
S01273,EEE,1,6.34,1.0,4,46.5,0,4,0.0,0
S00587,IT,2,7.93,2.0,6,,3,1,1.0,0
S01294,IT,1,7.54,0.0,5,,1,3,0.0,0
S01593,CSE,1,8.05,0.0,3,56.1,0,3,0.0,0
S01617,EEE,1,7.04,1.0,0,44.8,0,4,,0
S01667,IT,3,6.81,0.0,0,,1,4,0.0,0
S00479,MECH,2,8.63,1.0,5,74.6,0,3,1.0,1
S00036,CIVIL,2,6.74,0.0,0,49.2,3,4,0.0,0
S00349,IT,3,6.44,0.0,0,,4,0,0.0,0
S01564,IT,2,5.6,0.0,5,,0,4,0.0,0
S01852,CSE,3,7.81,1.0,0,65.0,3,3,1.0,1
S02385,CSE,1,6.33,1.0,1,58.9,1,0,0.0,0
S00271,CSE,3,6.6,1.0,4,,3,0,0.0,0
S00126,CSE,3,6.54,0.0,2,,1,3,0.0,0
S02115,MECH,2,7.3,1.0,0,55.9,0,0,0.0,0
S02178,IT,3,6.26,0.0,2,46.7,3,2,0.0,0
S00829,CSE,2,6.85,2.0,2,54.7,1,2,0.0,0
S01033,IT,1,7.08,2.0,0,39.0,2,2,0.0,0
S02055,IT,2,7.98,0.0,2,,0,3,0.0,0
S00693,CSE,1,7.52,1.0,4,,1,1,1.0,1
S00276,MECH,2,8.67,1.0,0,,5,1,1.0,1
S01025,IT,3,8.76,2.0,0,,2,1,1.0,1
S00085,ECE,1,8.02,1.0,6,71.8,0,2,0.0,0
S00107,CSE,1,6.72,4.0,2,,1,3,0.0,0
S00544,IT,2,6.98,1.0,0,48.7,1,1,0.0,0
S02209,MECH,2,7.78,0.0,1,64.0,2,4,1.0,1
S02496,CSE,3,6.61,2.0,0,48.3,2,0,0.0,0
S02143,CSE,3,7.54,0.0,0,,1,3,0.0,0
S01330,MECH,2,7.6,1.0,3,57.9,0,0,0.0,0
S01774,IT,3,,1.0,6,58.1,1,2,0.0,0
S00347,EEE,3,7.51,2.0,1,,2,4,0.0,0
S01923,EEE,2,6.14,1.0,0,17.9,1,0,0.0,0
S00157,CSE,1,8.14,1.0,3,65.9,0,4,1.0,1
S00392,CSE,2,6.7,2.0,0,38.8,1,4,0.0,0
S00923,CSE,2,6.49,2.0,0,70.5,2,3,0.0,0
S00477,CSE,1,6.41,1.0,0,,1,2,,0
S00010,IT,2,6.33,1.0,0,34.8,2,0,0.0,0
S00596,CSE,1,7.19,1.0,3,76.7,1,3,1.0,1
S00245,IT,1,9.01,1.0,0,60.2,1,3,0.0,0
S00527,ECE,2,7.56,1.0,3,62.1,2,3,0.0,0
S02132,IT,3,5.24,0.0,0,52.9,2,4,0.0,0
S01266,CSE,2,6.62,1.0,0,,3,4,0.0,0
S01289,CSE,1,6.74,0.0,5,,1,0,1.0,1
S00991,IT,1,8.13,0.0,0,,0,4,0.0,0
S00454,IT,2,7.43,1.0,0,58.5,1,3,1.0,1
S01390,EEE,1,6.52,0.0,0,70.3,1,0,1.0,1
S01421,CSE,2,6.68,1.0,0,46.5,0,3,1.0,1
S00163,IT,1,8.03,0.0,0,37.2,1,3,0.0,0
S02065,CIVIL,2,6.99,3.0,5,,0,1,0.0,0
S01377,CSE,2,,1.0,0,45.4,3,2,0.0,0
S01768,CSE,2,7.4,3.0,4,51.2,3,0,0.0,0
S02166,CSE,2,8.18,0.0,0,63.9,1,4,0.0,1
S00816,CSE,2,6.57,2.0,0,47.9,1,4,0.0,0
S00855,CSE,2,7.2,1.0,0,46.9,4,2,0.0,0
S02078,ECE,2,7.32,2.0,6,,2,4,0.0,0
S01184,ECE,3,7.25,1.0,6,80.5,2,1,,0
S00209,CSE,3,7.09,1.0,0,,1,0,0.0,0
S01055,CSE,2,8.03,0.0,4,59.8,0,1,0.0,0
S01060,CSE,1,6.83,2.0,3,62.2,3,0,,1
S01946,CSE,1,,0.0,0,65.6,2,4,1.0,1
S01481,CSE,2,8.17,1.0,4,60.2,3,2,1.0,1
S00550,ECE,3,7.9,1.0,4,52.3,0,4,0.0,0
S01077,EEE,1,6.4,0.0,2,53.0,0,1,1.0,1
S01679,CSE,1,7.31,0.0,0,66.3,2,0,1.0,1
S02296,CSE,1,6.85,0.0,1,54.4,0,0,,0
S00559,IT,2,6.86,3.0,6,,2,4,,0
S01986,CSE,3,7.05,1.0,0,49.1,0,1,0.0,0
S00798,EEE,3,5.58,0.0,2,33.3,0,3,0.0,0
S02476,CSE,2,8.66,0.0,0,54.0,3,2,0.0,0
S00695,CIVIL,2,6.76,1.0,1,38.4,3,1,0.0,0
S02191,CSE,2,7.34,2.0,0,65.5,2,1,0.0,0
S00108,MECH,3,7.86,0.0,0,43.7,3,2,0.0,0
S01832,CIVIL,2,6.74,2.0,6,,0,4,0.0,0
S01385,CSE,3,8.29,0.0,0,81.9,0,0,1.0,1
S00369,MECH,3,8.06,0.0,4,60.6,0,3,1.0,1
S00784,ECE,3,7.98,0.0,0,62.1,0,3,0.0,0
S02265,ECE,1,6.61,,0,61.6,2,0,0.0,0
S00778,CSE,3,8.63,0.0,4,75.7,1,0,1.0,1
S00799,IT,2,7.26,,0,66.7,0,2,,0
S01247,CSE,2,8.13,0.0,0,37.7,0,2,1.0,1
S00200,IT,1,7.66,1.0,0,,2,0,0.0,0
S01291,EEE,1,7.91,0.0,0,,2,1,1.0,1
S00832,CIVIL,3,7.15,0.0,0,51.6,1,3,0.0,0
S01386,IT,2,6.98,0.0,5,60.4,2,1,1.0,1
S00003,MECH,3,6.69,2.0,6,60.8,2,0,0.0,0
S02451,CSE,1,6.72,2.0,1,45.7,2,2,0.0,0
S02461,EEE,1,8.45,1.0,3,83.1,2,3,1.0,1
S02198,IT,1,,1.0,0,,1,4,0.0,0
S00590,IT,2,6.21,3.0,0,23.8,1,3,0.0,0
S01609,CSE,2,,1.0,5,,1,0,1.0,1
S02250,ECE,2,7.84,0.0,1,48.4,1,0,0.0,0
S00941,EEE,2,9.22,0.0,0,70.8,6,1,1.0,1
S00958,EEE,3,5.74,0.0,3,33.8,1,2,1.0,1
S01435,CSE,3,8.44,,0,55.7,1,4,0.0,0
S00744,CSE,1,7.01,0.0,0,51.3,1,3,0.0,0
S00993,IT,1,6.83,1.0,1,41.4,2,4,0.0,1
S01982,IT,1,7.28,1.0,5,59.6,3,4,0.0,1
S01839,CSE,3,8.14,1.0,0,43.7,0,1,,0
S00696,CSE,2,,0.0,0,69.0,2,4,1.0,1
S00443,IT,1,7.92,,2,54.6,2,3,1.0,1
S01400,CSE,2,5.92,2.0,0,20.7,0,2,0.0,0
S00196,MECH,3,8.4,0.0,0,67.8,1,4,1.0,1
S01175,CSE,2,7.15,0.0,0,58.6,2,4,1.0,1
S01764,CSE,2,7.95,2.0,1,,1,2,,1
S02257,CSE,2,8.6,1.0,5,86.1,3,3,,1
S02036,CSE,3,6.33,1.0,5,,4,0,0.0,0
S01171,CSE,1,9.0,0.0,6,96.3,1,3,1.0,1
S00897,CSE,2,6.27,0.0,6,,2,1,0.0,0
S01142,CSE,1,7.08,1.0,3,45.1,0,1,0.0,0
S02123,CSE,1,5.94,4.0,4,46.1,2,1,0.0,0
S00242,CIVIL,2,8.29,1.0,3,62.5,0,0,0.0,0
S01460,ECE,3,7.1,1.0,0,44.8,1,0,0.0,0
S02310,ECE,2,8.05,1.0,0,39.5,2,3,0.0,0
S00452,EEE,3,7.16,2.0,3,,0,3,0.0,0
S01149,EEE,3,8.23,2.0,0,53.9,2,4,0.0,0
S00439,CSE,1,6.91,0.0,0,,0,4,0.0,0
S00076,IT,2,8.38,,0,77.5,3,4,0.0,0
S00577,CSE,1,7.81,0.0,6,62.3,3,1,1.0,1
S00937,IT,3,9.16,0.0,0,,2,4,1.0,1
S00353,CIVIL,1,6.93,1.0,4,,1,1,0.0,0
S00526,CSE,2,7.01,0.0,5,,1,4,,0
S00905,CIVIL,3,7.51,1.0,4,,2,1,0.0,0
S00711,CSE,1,6.91,2.0,0,59.0,0,4,1.0,1
S01869,ECE,3,7.86,0.0,0,62.0,3,1,0.0,0
S02140,ECE,1,7.18,1.0,2,28.4,0,0,0.0,0
S01466,EEE,3,7.95,0.0,2,,4,1,1.0,1
S00644,CSE,1,7.36,0.0,6,52.4,2,3,1.0,1
S00290,ECE,3,6.01,0.0,0,,1,4,0.0,0
S00652,CSE,2,8.0,2.0,0,,3,3,0.0,0
S02450,IT,1,6.7,0.0,4,27.8,1,1,0.0,0
S02326,ECE,3,7.32,1.0,0,45.3,1,1,0.0,0
S00524,EEE,3,6.73,1.0,2,50.3,3,1,,0
S01365,CSE,2,5.47,2.0,2,43.8,1,1,0.0,0
S01844,MECH,3,8.57,,1,68.5,0,0,0.0,0
S02485,CSE,2,7.18,,4,49.2,0,4,0.0,0
S01229,MECH,1,8.11,0.0,5,,0,4,0.0,0
S01625,CSE,1,7.26,0.0,3,54.6,1,3,1.0,1
S00186,CSE,3,7.54,1.0,0,69.2,0,0,1.0,1
S01322,IT,2,7.16,0.0,0,55.7,1,4,1.0,1
S01505,IT,1,6.46,2.0,0,41.4,1,3,0.0,0
S00162,CSE,1,6.66,0.0,4,69.5,2,3,0.0,0
S00302,CSE,2,7.32,0.0,0,29.5,2,2,1.0,1
S00781,IT,3,8.05,0.0,2,69.2,2,0,,1
S02138,CSE,2,7.94,0.0,0,55.4,3,3,0.0,0
S00288,MECH,1,8.3,0.0,0,76.5,2,4,0.0,0
S01756,IT,1,8.61,0.0,0,69.7,0,0,0.0,0
S00536,CSE,1,7.82,0.0,3,73.6,4,3,1.0,1
S01758,CSE,2,6.51,1.0,0,29.5,2,2,0.0,0
S02487,CSE,3,7.47,0.0,0,45.6,0,2,0.0,0
S00835,CIVIL,3,6.71,2.0,0,59.0,0,0,0.0,0
S00339,CSE,1,6.79,0.0,0,52.5,0,4,0.0,0
S00233,CSE,3,6.5,1.0,1,37.3,1,1,0.0,0
S00499,CSE,1,7.4,0.0,3,65.3,2,3,1.0,1
S01757,ECE,1,7.18,0.0,0,75.8,4,3,0.0,0
S00453,EEE,3,8.33,2.0,1,89.3,1,2,1.0,1
S00673,EEE,1,6.78,0.0,0,39.9,2,3,0.0,0
S01952,CIVIL,1,7.14,0.0,3,66.4,1,3,0.0,0
S01476,CSE,2,5.18,0.0,0,,1,4,0.0,0
S00417,IT,1,7.4,0.0,0,34.3,2,2,0.0,0
S01576,CSE,2,7.76,0.0,0,,2,1,1.0,1
S01418,EEE,2,6.84,0.0,3,58.6,3,2,0.0,0
S02131,IT,2,6.1,0.0,5,,2,4,0.0,0
S01021,ECE,2,7.23,2.0,5,43.7,1,3,0.0,0
S02063,CSE,2,8.59,2.0,4,80.3,3,1,0.0,0
S00462,EEE,3,8.23,,2,77.0,2,3,1.0,1
S01075,IT,3,6.47,1.0,3,46.3,1,3,0.0,0
S01200,CSE,2,7.51,1.0,0,36.9,0,4,0.0,0
S01102,CSE,1,6.92,1.0,3,47.3,2,2,0.0,0
S02340,CSE,3,6.54,1.0,0,,1,4,0.0,0
S01657,CSE,2,7.5,1.0,0,62.8,1,2,0.0,0
S00023,IT,2,8.34,0.0,4,,2,0,1.0,1
S01906,CSE,1,7.88,0.0,0,76.6,1,3,0.0,0
S00300,MECH,3,7.52,1.0,0,,2,0,0.0,0
S01416,IT,1,7.83,0.0,1,64.6,0,4,0.0,0
S00317,CSE,2,7.42,0.0,0,51.9,2,4,0.0,0
S00326,EEE,2,6.71,2.0,0,59.9,0,1,0.0,0
S00269,CSE,1,6.53,1.0,0,,2,0,0.0,0
S01139,EEE,3,,0.0,6,60.6,3,4,1.0,1
S02332,ECE,2,5.18,3.0,2,,2,2,0.0,0
S02190,CSE,2,7.59,1.0,3,22.0,0,3,0.0,0
S00100,CSE,1,5.67,1.0,0,,1,3,0.0,0
S00390,MECH,1,6.78,0.0,1,61.1,1,4,0.0,0
S01613,IT,1,7.64,1.0,6,66.5,1,4,0.0,0
S02082,IT,3,7.47,0.0,4,,1,0,0.0,0
S00090,IT,2,6.43,0.0,3,44.4,3,0,0.0,0
S00425,ECE,3,7.43,1.0,1,64.9,2,0,,0
S02495,CSE,2,7.13,,3,55.0,2,3,0.0,0
S00667,ECE,1,6.37,1.0,5,51.7,1,2,0.0,0
S01259,CSE,1,8.06,0.0,4,75.8,2,3,0.0,0
S02367,ECE,3,6.95,1.0,2,50.0,3,1,0.0,0
S00840,CSE,3,5.18,1.0,0,18.7,0,1,0.0,0
S00700,EEE,3,6.87,1.0,2,54.3,0,1,1.0,1
S00155,IT,2,6.39,1.0,2,,2,2,0.0,0
S02253,CSE,3,6.17,0.0,4,,0,0,,0
S02163,CSE,1,7.65,1.0,0,37.0,3,0,1.0,1
S01348,CSE,2,7.27,0.0,0,61.9,2,3,0.0,0
S01750,MECH,3,6.14,,0,,2,4,0.0,0
S02013,CSE,2,5.96,1.0,3,15.3,1,3,0.0,0
S01160,CSE,3,7.64,2.0,4,89.2,0,4,0.0,0
S01634,CSE,3,7.7,1.0,6,,1,2,1.0,1
S02245,IT,2,6.13,2.0,1,33.1,1,2,0.0,0
S01118,CIVIL,2,5.0,0.0,0,33.0,0,4,0.0,0
S00262,IT,1,6.45,1.0,4,69.7,1,4,0.0,0
S00001,CSE,2,7.17,0.0,0,40.6,2,3,,0
S00223,IT,3,8.48,1.0,3,,6,4,1.0,1
S02029,CSE,2,7.98,0.0,5,60.0,2,4,1.0,1
S02031,IT,1,6.96,0.0,5,48.4,3,0,0.0,0
S00207,ECE,1,7.69,0.0,5,33.2,1,3,0.0,0
S00473,CSE,2,5.49,1.0,0,,0,0,0.0,0
S00142,CSE,2,6.25,2.0,6,37.5,1,0,1.0,1
S01968,CSE,3,7.52,2.0,0,,5,2,1.0,1
S00874,MECH,2,7.3,1.0,3,51.2,3,3,0.0,0
S02445,ECE,2,6.98,1.0,0,,0,3,0.0,0
S02320,IT,1,8.02,0.0,3,89.4,2,1,1.0,1
S00668,CIVIL,3,8.4,0.0,4,84.2,2,3,,0
S00605,CSE,3,8.03,0.0,0,,1,1,1.0,1
S00595,IT,1,,0.0,0,,2,4,0.0,0
S02137,IT,1,6.65,0.0,5,59.1,0,4,0.0,0
S00616,CSE,1,7.23,1.0,3,41.5,3,3,1.0,1
S01479,CSE,2,7.12,2.0,0,,0,4,,0
S00831,CSE,1,7.14,1.0,2,52.3,1,0,0.0,0
S00568,CSE,3,7.1,2.0,0,,0,1,0.0,0
S01252,MECH,3,9.54,1.0,0,94.5,2,3,1.0,1
S00497,MECH,1,7.38,,1,43.9,1,3,0.0,0
S01646,IT,2,6.88,0.0,3,58.2,0,2,0.0,0
S00095,CSE,1,,0.0,6,,1,3,1.0,1
S00485,IT,1,6.55,2.0,0,71.7,2,4,0.0,0
S01100,CSE,3,6.73,0.0,4,61.8,1,3,0.0,0
S00715,CSE,1,6.03,2.0,0,34.3,1,4,1.0,0
S00458,IT,1,7.61,1.0,0,53.8,2,0,,0
S00578,EEE,2,,0.0,0,34.5,0,0,0.0,0
S01290,IT,2,5.0,0.0,2,32.8,0,1,0.0,0
S01497,CSE,2,6.82,0.0,0,53.3,2,4,0.0,0
S00643,ECE,2,,2.0,0,,1,1,0.0,0
S00663,CSE,2,5.0,1.0,0,10.2,1,2,0.0,0
S00864,CSE,3,6.87,0.0,6,55.8,1,3,0.0,0
S01965,CSE,2,9.64,1.0,6,71.2,1,1,1.0,1
S00150,ECE,2,7.12,3.0,0,74.9,1,4,1.0,1
S00849,MECH,1,,,5,63.3,2,2,0.0,0
S02202,MECH,3,8.3,0.0,5,77.7,3,4,1.0,1
S01511,CSE,1,6.28,1.0,0,,0,3,0.0,0
S02440,CSE,2,6.25,0.0,0,,2,1,0.0,0
S00430,EEE,2,6.74,1.0,3,24.2,0,0,0.0,0
S02077,ECE,3,7.35,0.0,1,47.3,2,1,0.0,0
S00679,IT,3,6.42,1.0,0,,1,0,,0
S01405,EEE,3,7.01,2.0,3,34.5,0,2,0.0,0
S01926,CSE,2,7.07,2.0,4,22.1,1,4,0.0,0
S01990,EEE,3,6.32,1.0,5,50.0,1,4,0.0,0
S01049,MECH,2,5.81,2.0,0,31.9,1,2,0.0,0
S00916,CSE,2,7.53,0.0,3,,2,2,1.0,1
S02145,MECH,1,8.08,1.0,1,,4,1,0.0,0
S01858,CIVIL,1,7.78,2.0,1,60.5,4,4,0.0,0
S01364,CIVIL,1,,0.0,0,51.0,1,1,0.0,0
S02175,IT,3,6.6,2.0,0,49.1,5,0,0.0,0
S00833,CSE,3,8.15,0.0,1,61.2,1,4,1.0,1
S00987,CSE,1,8.64,0.0,0,61.0,3,1,1.0,1
S02435,EEE,1,6.54,0.0,2,44.2,4,2,0.0,0
S02499,CSE,1,8.33,0.0,0,36.9,1,0,0.0,0
S00920,IT,3,7.04,0.0,4,18.6,0,3,0.0,0
S01324,MECH,2,6.97,0.0,5,66.6,1,1,0.0,0
S01783,CSE,2,8.39,0.0,0,86.9,3,4,0.0,0
S01602,EEE,2,8.08,0.0,1,55.7,3,1,0.0,0
S01490,MECH,2,6.5,1.0,0,35.9,0,3,0.0,0
S02027,EEE,2,6.99,0.0,3,41.9,0,3,0.0,0
S00211,ECE,2,8.13,1.0,0,71.3,2,4,0.0,0
S00742,CSE,1,7.72,1.0,0,64.6,2,3,,1
S00561,IT,3,6.01,1.0,1,,2,1,,0
S00765,CSE,3,,0.0,4,38.5,1,1,1.0,1
S02069,CSE,1,6.72,1.0,4,,1,3,0.0,0
S01349,CSE,1,7.45,0.0,5,67.8,0,1,0.0,1
S02466,CSE,2,6.92,,4,48.4,5,4,1.0,1
S02139,EEE,1,7.36,1.0,0,,1,4,0.0,0
S00284,IT,2,,0.0,0,42.1,1,1,0.0,0
S01780,CSE,2,6.71,1.0,4,41.1,0,2,0.0,0
S01414,CSE,2,6.93,0.0,1,35.4,4,4,0.0,0
S00096,EEE,1,6.93,1.0,0,60.9,0,3,0.0,0
S00259,CSE,2,7.07,0.0,0,,1,0,0.0,0
S01093,CSE,2,6.63,0.0,3,70.6,2,2,1.0,1
S01900,CSE,2,7.55,1.0,0,50.5,2,4,0.0,1
S01432,CSE,2,6.07,1.0,0,15.4,1,1,0.0,0
S00766,MECH,3,8.3,0.0,0,41.5,3,1,,0
S02357,CSE,3,8.36,1.0,0,54.6,10,3,1.0,1
S00047,CSE,3,8.12,1.0,4,,3,1,,1
S02003,CSE,3,,1.0,0,,1,4,0.0,0
S00319,CSE,1,8.08,1.0,0,82.9,2,4,1.0,1
S02363,MECH,1,7.81,0.0,0,60.0,2,0,0.0,0
S00444,EEE,1,7.69,1.0,0,88.6,1,3,1.0,1
S02442,MECH,2,8.58,0.0,1,55.5,2,2,0.0,0
S00190,IT,1,7.47,0.0,0,,1,4,0.0,0
S01848,CSE,1,6.37,1.0,0,,2,0,0.0,0
S00248,EEE,1,6.06,0.0,3,,1,2,0.0,0
S01994,CSE,1,8.75,,1,49.6,1,0,0.0,0
S02197,IT,1,6.63,2.0,0,37.3,3,1,0.0,0
S00491,IT,2,5.0,1.0,2,5.2,2,2,0.0,0
S00357,CSE,2,8.44,0.0,0,60.1,1,4,1.0,1
S00019,IT,3,6.38,1.0,0,44.1,2,1,0.0,0
S00716,IT,3,6.31,0.0,1,41.1,1,2,0.0,0
S00040,CSE,1,7.0,1.0,4,45.1,0,0,0.0,0
S01796,CSE,3,,1.0,2,41.9,1,1,0.0,0
S01812,IT,2,7.49,0.0,3,46.0,1,4,0.0,0
S01512,MECH,3,7.97,1.0,0,52.8,2,1,0.0,0
S01254,EEE,1,6.36,2.0,4,,0,1,0.0,0
S00685,CSE,3,,,4,17.5,0,0,0.0,0
S01248,CSE,2,7.5,0.0,0,50.1,0,0,0.0,0
S00480,CSE,2,7.4,0.0,0,,0,3,0.0,0
S00097,CSE,3,5.58,,3,,2,0,0.0,0
S01793,ECE,2,7.04,2.0,0,41.3,3,2,,0
S00694,CSE,3,7.08,0.0,0,50.3,2,0,1.0,0
S01585,IT,2,6.67,2.0,6,50.8,1,4,0.0,0
S01209,IT,2,7.08,0.0,3,38.3,2,4,0.0,0
S02293,CSE,3,7.88,2.0,0,57.0,1,4,1.0,1
S01772,ECE,2,6.28,,0,44.2,0,0,0.0,0
S01732,MECH,3,7.54,0.0,5,85.4,1,1,0.0,0
S00338,CSE,1,8.08,1.0,0,51.9,3,0,1.0,1
S00058,CSE,3,7.8,1.0,0,56.7,2,2,0.0,0
S01805,ECE,3,7.14,1.0,6,41.1,0,1,0.0,0
S01522,MECH,1,7.16,0.0,4,,3,1,1.0,1
S00563,CSE,3,7.27,1.0,3,58.0,1,4,1.0,1
S00437,CSE,2,7.12,1.0,5,60.6,3,0,1.0,1
S01778,EEE,2,6.74,0.0,5,98.2,1,3,1.0,1
S01504,CSE,1,6.67,,0,51.6,0,2,1.0,0
S01821,CSE,2,6.45,0.0,3,61.6,1,3,1.0,1
S01483,IT,2,5.54,1.0,0,55.5,3,1,0.0,0
S01157,IT,1,6.75,0.0,0,44.0,0,3,0.0,0
S00985,EEE,1,8.87,0.0,2,,2,0,0.0,0
S00809,CSE,1,,0.0,6,61.8,1,3,1.0,1
S01124,MECH,3,6.91,1.0,2,37.1,1,3,0.0,0
S00712,IT,1,7.22,1.0,0,86.7,1,0,1.0,1
S00820,MECH,2,7.07,1.0,0,,4,4,0.0,0
S01250,CSE,3,7.43,1.0,0,79.9,1,3,0.0,0
S00042,CSE,3,8.55,1.0,4,49.9,3,4,0.0,0
S00839,CSE,1,7.51,0.0,6,42.0,0,1,0.0,0
S00295,IT,3,5.55,1.0,1,23.0,3,1,0.0,0
S01590,CSE,2,7.38,1.0,2,72.1,1,4,0.0,0
S01408,CSE,1,6.89,0.0,1,,3,3,0.0,0
S02087,CSE,1,7.14,2.0,4,54.8,3,2,0.0,0
S00411,EEE,2,9.04,0.0,4,71.1,0,0,1.0,1
S02484,EEE,3,6.76,2.0,5,53.9,1,2,0.0,0
S00966,CSE,1,7.38,0.0,6,42.6,3,1,1.0,1
S01517,CSE,1,7.43,0.0,5,67.1,0,3,1.0,1
S00615,CSE,1,6.24,2.0,0,30.6,2,0,0.0,0
S01222,EEE,2,7.08,2.0,5,64.9,1,4,0.0,0
S02215,ECE,1,5.0,0.0,0,35.9,2,3,,0
S02301,MECH,2,6.72,3.0,0,,1,0,1.0,0
S00591,ECE,3,7.76,0.0,6,69.4,2,4,0.0,0
S01851,IT,1,,0.0,1,74.9,2,1,1.0,1
S01687,EEE,2,7.34,0.0,0,59.6,4,1,0.0,0
S01992,EEE,2,6.94,2.0,0,52.4,2,2,0.0,0
S01351,CSE,3,6.56,0.0,0,26.0,1,2,0.0,0
S02431,CSE,3,7.16,1.0,3,39.7,0,1,1.0,1
S01015,CIVIL,3,6.4,0.0,5,,2,4,0.0,0
S01554,EEE,3,7.46,1.0,6,58.1,2,3,,1
S02358,CSE,2,7.07,0.0,6,68.7,1,4,1.0,1
S00140,CSE,2,9.15,1.0,6,72.1,4,3,1.0,1
S01391,CSE,3,8.89,1.0,5,,1,2,0.0,0
S00723,IT,2,6.73,1.0,3,39.9,1,0,0.0,0
S01030,EEE,2,8.91,0.0,6,92.2,1,0,0.0,0
S02011,CSE,2,6.61,1.0,4,,1,3,0.0,0
S00976,ECE,3,7.4,0.0,0,70.2,0,0,1.0,1
S00151,ECE,2,7.98,1.0,2,59.3,2,2,0.0,0
S01533,IT,1,7.92,1.0,0,50.8,1,3,0.0,0
S00959,CSE,1,6.68,2.0,4,,4,4,0.0,0
S01387,MECH,2,9.78,0.0,3,63.6,3,0,1.0,1
S00159,MECH,2,6.16,2.0,3,32.4,0,1,,0
S02226,CSE,2,6.43,1.0,6,31.6,0,4,0.0,0
S02412,CSE,1,7.74,0.0,2,,4,1,1.0,1
S01545,ECE,1,6.12,0.0,5,47.5,1,2,0.0,0
S01313,CSE,2,8.73,0.0,0,78.5,2,0,0.0,0
S02179,EEE,1,,2.0,1,,1,1,0.0,0
S01706,IT,3,5.3,,4,47.7,2,0,1.0,0
S01977,CIVIL,1,7.58,0.0,0,78.5,3,4,0.0,0
S01087,CSE,1,6.79,1.0,1,,1,0,0.0,0
S01942,CIVIL,2,6.94,0.0,1,66.0,4,4,0.0,0
S01360,CIVIL,1,6.27,0.0,5,24.6,1,0,0.0,0
S01011,IT,3,6.17,0.0,0,30.7,3,3,0.0,0
S00203,CIVIL,2,6.71,2.0,0,49.8,1,0,0.0,0
S01057,CSE,1,5.56,0.0,0,60.1,0,2,0.0,0
S01191,CSE,2,8.05,0.0,1,66.8,2,4,1.0,1
S00158,CIVIL,3,8.68,1.0,0,,1,0,0.0,0
S01104,CSE,3,8.48,0.0,0,62.8,3,1,1.0,1
S01605,EEE,1,6.82,0.0,3,46.4,2,2,0.0,0
S02161,EEE,2,6.45,0.0,4,31.3,0,2,0.0,0
S00101,CSE,2,8.48,1.0,5,,2,3,1.0,1
S02180,CSE,2,7.92,0.0,2,63.4,0,0,1.0,1
S02252,MECH,2,6.57,0.0,5,47.4,2,4,0.0,0
S00129,CSE,2,7.91,0.0,2,73.1,0,4,0.0,0
S01666,CSE,2,6.29,2.0,0,9.0,3,0,0.0,0
S02441,IT,2,7.33,3.0,0,42.4,1,0,0.0,0
S00071,IT,2,7.69,1.0,6,34.9,3,3,0.0,0
S00682,CSE,1,6.18,1.0,6,45.6,0,1,0.0,0
S02189,CSE,3,6.02,0.0,5,,6,0,0.0,0
S01686,IT,3,6.32,,3,44.5,2,0,0.0,0
S01392,CSE,2,6.97,1.0,0,34.4,1,2,1.0,0
S00519,IT,1,7.13,1.0,3,51.6,1,3,0.0,0
S00229,MECH,3,6.63,1.0,2,23.0,2,2,0.0,0
S01867,MECH,1,5.87,1.0,0,32.5,1,0,,0
S00298,IT,1,7.28,0.0,0,80.7,0,1,1.0,1
S00064,CSE,2,7.23,0.0,0,,1,3,1.0,1
S01953,CSE,1,6.28,3.0,0,34.9,0,3,0.0,0
S00325,CSE,1,5.99,0.0,3,20.3,0,2,0.0,0
S01882,CSE,2,6.93,1.0,0,27.3,3,2,0.0,0
S01716,IT,1,7.42,1.0,4,30.0,1,4,0.0,0
S00484,CSE,3,6.53,1.0,0,51.2,3,0,0.0,0
S00145,ECE,1,7.4,1.0,0,43.9,3,3,0.0,0
S02146,CSE,1,7.38,1.0,6,,0,2,0.0,0
S00341,CSE,3,7.35,1.0,2,58.4,2,4,0.0,0
S02421,CSE,2,5.61,0.0,0,,2,3,0.0,0
S01629,IT,3,5.86,0.0,0,38.4,3,3,0.0,0
S00504,EEE,1,7.08,0.0,3,39.1,2,3,0.0,0
S00488,CSE,1,6.96,1.0,3,67.6,0,2,1.0,1
S01406,CIVIL,1,7.51,0.0,1,31.3,0,1,0.0,0
S00525,ECE,1,6.77,0.0,2,25.4,1,1,1.0,1
S00589,CSE,3,7.63,0.0,0,53.0,1,4,0.0,0
S01918,ECE,3,7.99,1.0,3,79.5,4,0,1.0,1
S01644,MECH,1,5.97,2.0,6,,1,0,0.0,0
S00087,CSE,2,7.69,1.0,2,67.5,0,3,1.0,1
S01419,IT,2,,0.0,4,,1,1,1.0,1
S01107,ECE,1,7.09,0.0,0,28.3,1,0,0.0,0
S00181,CSE,2,8.19,0.0,2,,2,3,,0
S01681,CSE,2,7.11,1.0,1,43.8,1,1,0.0,0
S01814,CSE,1,6.25,0.0,0,43.9,0,0,,0
S00133,EEE,2,8.23,1.0,6,81.4,2,1,1.0,1
S00507,IT,3,,1.0,3,77.4,1,4,1.0,1
S00868,CSE,1,6.89,1.0,0,53.1,2,2,1.0,1
S00813,ECE,2,8.19,1.0,3,64.4,3,0,1.0,1
S01859,CSE,2,8.71,1.0,1,49.9,2,1,1.0,1
S01206,CSE,1,7.8,0.0,1,56.8,3,4,0.0,0
S02292,EEE,2,8.03,0.0,6,,3,3,1.0,1
S00286,EEE,3,7.87,2.0,6,62.1,1,3,0.0,0
S00619,EEE,1,6.65,0.0,0,42.8,1,2,0.0,0
S00995,MECH,1,8.76,0.0,0,62.6,1,2,0.0,0
S00086,IT,2,6.55,1.0,0,,0,2,0.0,0
S00970,EEE,1,7.06,0.0,6,56.1,1,4,0.0,0
S00747,IT,2,7.9,1.0,6,64.9,2,3,0.0,0
S01937,CSE,1,7.21,2.0,0,54.1,1,0,0.0,0
S02279,CSE,1,6.86,0.0,4,,2,4,0.0,0
S02134,CSE,3,8.08,0.0,2,41.7,2,0,1.0,1
S01822,MECH,2,7.7,0.0,2,73.4,1,4,1.0,1
S01988,IT,3,8.0,1.0,2,48.8,1,2,0.0,0
S02106,CSE,3,5.86,2.0,2,44.9,3,2,0.0,0
S00324,IT,2,5.98,2.0,0,35.3,3,4,0.0,0
S02068,MECH,1,7.07,0.0,0,60.9,2,1,0.0,0
S01799,EEE,2,7.83,0.0,6,58.9,3,3,0.0,0
S01225,CIVIL,1,8.92,1.0,2,80.1,1,3,0.0,0
S00541,CSE,2,6.27,1.0,0,,1,0,0.0,0
S00055,IT,1,7.03,0.0,3,,1,0,0.0,0
S01983,CSE,3,,1.0,6,58.4,1,3,0.0,0
S01260,IT,2,6.68,1.0,0,44.8,2,4,0.0,0
S00859,MECH,1,6.44,2.0,0,40.6,4,0,0.0,0
S00018,CSE,1,7.7,,3,61.9,0,0,0.0,0
S01996,CSE,2,8.62,0.0,0,67.0,2,4,1.0,1
S02177,CSE,2,7.58,1.0,0,63.0,2,4,0.0,0
S01862,CSE,2,6.1,1.0,1,62.6,0,4,0.0,0
S01603,CSE,2,9.46,0.0,0,72.7,2,4,0.0,0
S00722,IT,2,8.18,0.0,0,40.5,2,3,0.0,0
S00532,ECE,2,7.51,1.0,0,,1,1,0.0,0
S01638,IT,3,7.05,,0,60.0,0,3,0.0,0
S01323,CIVIL,2,7.62,2.0,0,51.7,2,3,0.0,0
S02213,CSE,2,7.69,1.0,0,,1,3,0.0,0
S00869,CSE,2,8.29,,4,60.2,1,4,,0
S00365,CSE,1,7.46,0.0,6,47.2,0,1,0.0,0
S00731,IT,3,8.29,0.0,0,60.4,4,3,1.0,1
S00463,CSE,1,6.42,4.0,3,48.0,2,0,0.0,0
S00069,MECH,3,7.59,2.0,2,66.2,1,2,0.0,0
S00826,ECE,1,7.08,1.0,6,56.8,0,1,0.0,0
S00028,IT,2,6.64,1.0,0,43.0,2,2,,0
S02345,CSE,2,6.65,1.0,0,46.7,1,1,0.0,0
S01041,IT,1,7.24,1.0,0,32.9,4,1,0.0,0
S00788,CSE,1,7.7,0.0,3,,0,4,1.0,1
S01013,MECH,1,6.21,5.0,0,23.7,2,1,0.0,0
S01475,CSE,1,6.65,0.0,6,41.7,2,2,0.0,0
S02015,MECH,3,7.34,0.0,5,,3,2,0.0,0
S01527,IT,1,7.03,2.0,0,45.0,2,0,0.0,0
S02272,MECH,1,7.68,2.0,1,52.4,1,1,0.0,0
S01855,CSE,3,7.7,1.0,6,51.4,2,2,1.0,1
S01002,CSE,2,9.0,1.0,3,87.5,0,0,1.0,1
S01431,CSE,1,7.6,0.0,1,,0,2,0.0,0
S00167,ECE,1,6.45,2.0,5,,2,0,0.0,0
S00912,ECE,2,7.85,1.0,0,61.1,0,3,1.0,1
S01340,CSE,1,6.41,2.0,5,,4,2,0.0,0
S01008,CSE,1,6.15,1.0,2,,0,1,0.0,0
S01506,CIVIL,2,7.93,0.0,0,88.6,2,0,1.0,1
S00359,EEE,2,,0.0,0,26.0,2,3,0.0,0
S02084,CSE,2,7.69,1.0,0,56.6,1,3,0.0,0
S01429,CSE,3,8.71,1.0,6,,5,2,1.0,1
S00321,IT,3,6.69,1.0,0,38.1,1,4,0.0,0
S01358,IT,2,7.55,1.0,0,38.3,3,0,0.0,0
S01261,CSE,2,7.71,0.0,0,63.1,1,2,0.0,0
S01423,CIVIL,2,9.07,0.0,4,82.2,3,1,1.0,1
S02464,MECH,1,,0.0,0,64.5,1,0,0.0,0
S01007,CSE,2,8.75,0.0,2,57.7,5,4,0.0,0
S01094,ECE,3,8.89,0.0,0,63.2,1,2,0.0,0
S01939,CSE,2,8.01,1.0,6,78.2,3,4,1.0,1
S01420,ECE,1,,0.0,2,33.3,4,2,0.0,0
S00216,CSE,3,6.69,0.0,1,59.1,2,0,0.0,0
S02039,MECH,2,6.11,0.0,6,62.7,3,2,0.0,0
S00222,ECE,2,6.63,,6,43.2,1,2,0.0,0
S01656,ECE,2,8.33,,0,,0,1,1.0,1
S01748,IT,2,5.54,0.0,0,,3,4,0.0,1
S00898,EEE,1,8.45,0.0,0,70.1,2,4,1.0,1
S01211,EEE,1,6.86,0.0,1,47.6,2,3,0.0,0
S01328,CSE,2,7.65,1.0,4,87.7,2,1,1.0,1
S01916,ECE,1,8.05,0.0,0,67.2,0,3,0.0,0
S00922,CSE,2,,1.0,4,73.6,6,2,1.0,1
S01086,CSE,2,6.95,0.0,3,,1,3,0.0,0
S00093,CSE,1,7.34,1.0,0,50.3,1,3,0.0,0
S01827,CSE,1,6.2,1.0,5,44.0,2,1,0.0,0
S02006,CSE,1,5.45,3.0,4,44.1,1,2,0.0,0
S01194,IT,2,7.51,0.0,0,,3,3,1.0,1
S00143,CSE,1,7.75,1.0,0,62.8,2,0,0.0,0
S00412,CSE,1,8.06,0.0,0,39.2,2,1,0.0,0
S00136,EEE,3,8.17,0.0,6,73.1,2,4,1.0,1
S00618,ECE,2,7.46,0.0,3,,1,0,1.0,1
S00902,EEE,2,7.15,0.0,3,,0,1,0.0,0
S00629,CSE,1,7.67,0.0,2,69.0,2,0,0.0,0
S00015,IT,3,6.36,0.0,4,,0,3,0.0,0
S01305,CIVIL,2,6.49,,5,50.5,3,3,0.0,0
S01840,IT,1,7.52,2.0,3,,1,1,0.0,0
S02472,CSE,1,6.5,1.0,2,56.9,2,2,1.0,1
S01378,CSE,2,7.36,0.0,5,55.3,2,0,0.0,0
S00440,IT,1,7.54,0.0,0,,1,0,0.0,0
S00383,IT,1,6.6,0.0,0,34.2,1,4,0.0,0
S00026,CSE,3,8.05,1.0,0,65.7,5,4,1.0,1
S02207,MECH,1,8.46,2.0,0,86.0,5,3,0.0,0
S01111,CSE,2,7.83,2.0,0,,0,1,1.0,1
S00127,CSE,1,6.15,1.0,3,32.6,3,2,1.0,1
S01580,CSE,1,7.05,0.0,1,55.4,1,4,1.0,1
S01949,CSE,2,6.36,1.0,0,,1,4,,0
S02432,CSE,1,7.79,1.0,4,,3,2,0.0,1
S00945,ECE,2,7.03,,1,43.6,0,2,0.0,0
S01159,CSE,1,6.47,2.0,0,43.6,1,2,0.0,0
S01925,IT,2,8.36,0.0,1,55.6,4,4,1.0,1
S00307,CSE,3,6.65,1.0,0,40.2,1,1,0.0,0
S00845,ECE,3,7.73,0.0,5,,2,0,0.0,0
S01616,CSE,2,6.69,0.0,0,42.6,0,4,1.0,1
S01874,CSE,2,9.34,,4,69.1,2,3,1.0,1
S00858,CSE,3,5.84,1.0,6,35.6,1,2,1.0,1
S00310,CSE,3,6.99,2.0,1,53.8,1,3,0.0,0
S00455,ECE,2,6.71,1.0,0,42.6,0,3,0.0,0
S01836,IT,2,7.81,0.0,0,75.4,2,4,1.0,1
S00195,EEE,2,6.56,2.0,0,66.1,0,1,0.0,0
S02287,IT,1,6.35,1.0,0,41.5,1,0,0.0,0
S00161,ECE,2,6.85,0.0,0,,3,0,0.0,0
S02192,MECH,2,6.95,1.0,1,,0,2,0.0,0
S00533,CSE,1,6.07,0.0,2,27.6,1,3,1.0,1
S01467,ECE,3,8.27,0.0,5,38.8,5,1,0.0,0
S01369,CSE,2,8.26,1.0,0,75.7,2,4,1.0,1
S02150,EEE,2,8.27,0.0,0,76.3,2,2,1.0,1
S00666,IT,1,5.44,3.0,4,46.2,0,0,0.0,0
S02083,IT,3,8.44,0.0,3,86.2,2,4,0.0,1
S01048,CSE,1,8.78,0.0,4,53.4,0,3,0.0,0
S02246,CSE,2,6.92,1.0,0,48.0,2,4,1.0,1
S00557,IT,3,7.53,1.0,3,82.4,0,4,1.0,1
S02453,CSE,1,7.55,2.0,2,47.0,0,0,0.0,0
S01958,IT,2,6.52,0.0,1,63.3,1,4,0.0,0
S00957,ECE,2,9.29,0.0,5,77.1,4,4,1.0,1
S00334,ECE,2,8.83,0.0,1,62.3,1,0,0.0,0
S01583,CSE,2,8.29,0.0,2,53.7,3,1,1.0,1
S01648,IT,2,7.74,1.0,2,68.2,4,1,1.0,1
S00051,CSE,2,8.23,0.0,2,,1,0,1.0,1
S00950,IT,2,,1.0,4,48.6,3,4,0.0,1
S02329,IT,2,7.63,,2,66.5,1,4,0.0,0
S00170,IT,3,6.06,0.0,5,64.3,3,3,1.0,1
S01145,CSE,2,6.74,2.0,0,54.0,0,3,0.0,0
S02423,CSE,3,7.59,,0,,0,4,0.0,0
S01785,ECE,2,7.25,0.0,0,49.1,3,1,0.0,0
S01885,CSE,3,7.47,2.0,3,36.9,1,4,0.0,0
S01018,CSE,1,7.71,1.0,0,75.5,1,3,0.0,0
S00934,MECH,1,7.9,0.0,2,27.6,2,3,1.0,1
S02110,CSE,2,7.11,0.0,0,,2,1,1.0,1
S01189,CSE,2,7.21,0.0,0,71.9,2,4,0.0,0
S02306,IT,1,6.44,1.0,6,43.2,0,3,0.0,0
S00265,EEE,1,7.06,0.0,3,31.4,1,4,0.0,0
S01570,IT,1,7.31,1.0,2,44.9,0,0,0.0,0
S01830,IT,3,7.7,,5,,1,1,1.0,1
S00482,CIVIL,1,6.77,0.0,6,35.4,1,0,0.0,0
S02452,CIVIL,2,6.47,1.0,1,,1,1,0.0,0
S00584,CSE,1,8.42,2.0,4,61.0,2,4,0.0,0
S00929,IT,3,9.34,0.0,3,67.9,3,3,1.0,1
S01765,IT,1,7.76,0.0,0,64.5,2,3,0.0,0
S02333,EEE,3,,1.0,0,43.6,0,4,0.0,0
S01447,EEE,3,7.83,0.0,0,56.6,2,3,0.0,1
S01995,IT,3,,2.0,0,22.2,0,3,1.0,0
S00020,ECE,1,7.66,3.0,0,55.0,3,0,0.0,0
S00718,IT,3,6.66,0.0,3,43.8,1,0,0.0,0
S02099,ECE,3,6.34,0.0,6,48.2,0,1,0.0,0
S01957,MECH,3,6.82,0.0,0,66.6,0,3,0.0,0
S00376,CSE,1,7.49,0.0,2,35.1,1,4,1.0,1
S00683,CSE,1,7.4,0.0,2,50.0,1,2,1.0,1
S02444,ECE,3,6.35,0.0,4,53.2,1,2,0.0,0
S02121,IT,2,7.08,0.0,0,67.5,2,0,0.0,0
S01531,IT,2,5.84,1.0,4,38.1,2,4,0.0,0
S01136,CSE,1,5.0,0.0,1,,0,3,1.0,1
S01813,CSE,2,6.71,1.0,6,25.7,1,2,0.0,0
S01776,ECE,2,7.36,1.0,1,,2,1,0.0,0
S00803,CSE,2,8.66,0.0,4,71.4,2,2,1.0,1
S01786,IT,3,9.17,0.0,1,82.9,2,2,0.0,0
S00513,CSE,1,5.41,0.0,5,45.7,1,1,1.0,0
S01626,MECH,2,8.09,,5,65.6,4,3,1.0,1
S00147,CSE,3,6.23,0.0,0,67.0,0,3,0.0,0
S01243,EEE,3,7.07,2.0,3,57.8,1,3,0.0,0
S00772,CSE,2,7.16,2.0,1,50.4,0,4,1.0,1
S02030,CSE,3,5.15,1.0,4,27.7,3,2,0.0,0
S02108,CSE,2,7.45,,0,,1,1,1.0,1
S02500,ECE,2,5.69,1.0,0,23.2,0,2,1.0,0
S01004,IT,2,7.17,0.0,3,62.4,0,1,1.0,1
S01587,IT,1,7.08,0.0,0,60.4,4,3,0.0,0
S00238,CSE,1,,1.0,6,82.6,1,3,1.0,1
S00012,CIVIL,2,7.22,1.0,0,,2,0,0.0,0
S00759,ECE,2,7.92,2.0,0,,4,2,0.0,0
S00132,IT,1,6.42,1.0,2,32.6,1,4,0.0,0
S00470,EEE,3,7.01,,5,47.3,0,0,0.0,0
S01642,MECH,3,6.82,1.0,0,,0,0,0.0,0
S00322,IT,1,7.07,1.0,4,58.6,6,4,1.0,1
S01357,CSE,2,7.25,0.0,1,77.8,1,1,0.0,0
S01231,MECH,1,8.03,2.0,0,30.3,0,4,0.0,0
S00149,CSE,2,5.84,2.0,0,27.0,1,1,0.0,0
S01327,CSE,2,6.97,1.0,0,,1,2,0.0,0
S00713,IT,2,7.88,0.0,5,,0,4,0.0,0
S00243,CSE,1,7.27,,0,44.7,1,2,0.0,0
S02407,CSE,2,7.82,0.0,4,74.5,1,3,1.0,1
S00309,IT,2,6.06,2.0,5,45.7,2,0,0.0,0
S01415,CSE,1,7.7,0.0,1,58.0,2,0,,0
S00741,CSE,2,7.2,0.0,4,50.5,0,0,0.0,0
S01456,IT,2,8.07,1.0,4,55.8,0,1,0.0,0
S00405,MECH,2,7.4,2.0,4,,5,2,0.0,0
S00372,EEE,2,6.71,0.0,6,75.0,1,0,0.0,0
S01932,ECE,2,6.05,1.0,6,48.1,2,4,0.0,0
S01630,IT,3,8.89,0.0,4,62.9,3,1,0.0,0
S02135,IT,2,8.11,1.0,4,39.8,2,1,0.0,0
S01709,EEE,1,7.33,,3,,2,1,0.0,0
S00558,CSE,2,7.3,1.0,2,49.0,1,4,0.0,0
S00450,MECH,1,8.95,0.0,1,64.5,0,1,0.0,0
S00827,MECH,2,7.08,1.0,6,52.8,1,3,,0
S01317,CSE,3,7.35,2.0,0,61.2,4,4,0.0,0
S00631,CSE,2,7.14,1.0,2,,1,2,0.0,0
S01306,ECE,2,7.78,0.0,0,36.9,1,2,0.0,0
S01148,MECH,1,8.43,1.0,5,88.6,0,2,0.0,0
S01708,EEE,3,7.28,0.0,0,47.2,0,0,0.0,0
S02373,ECE,3,7.52,0.0,0,58.7,2,0,1.0,1
S01811,EEE,3,7.23,0.0,6,69.8,1,2,0.0,0
S01073,CIVIL,2,8.16,1.0,0,,1,1,0.0,0
S00426,ECE,1,7.69,3.0,6,43.0,2,1,1.0,1
S02378,CSE,2,8.63,1.0,2,82.8,0,2,0.0,0
S01790,CSE,3,7.29,0.0,4,49.3,1,2,0.0,0
S00535,CSE,3,8.15,1.0,0,58.3,1,4,1.0,1
S00686,EEE,1,8.72,0.0,0,63.8,0,2,0.0,0
S01469,ECE,2,7.41,0.0,6,57.0,3,3,1.0,1
S00671,CSE,2,7.69,1.0,0,86.4,1,3,1.0,1
S01123,IT,1,7.74,0.0,0,76.1,1,1,,1
S00528,MECH,1,6.9,2.0,3,,1,4,1.0,1
S02359,MECH,3,7.8,1.0,0,56.4,2,2,0.0,0
S02016,CIVIL,2,6.49,0.0,1,,0,2,0.0,0
S00598,IT,1,7.28,0.0,1,67.0,2,2,0.0,0
S01589,CSE,1,5.93,2.0,4,32.3,2,2,0.0,0
S00637,ECE,2,6.5,1.0,2,42.9,0,0,0.0,0
S00887,CSE,2,7.56,0.0,0,88.3,1,1,1.0,1
S00823,CIVIL,1,7.13,1.0,0,50.5,2,2,0.0,0
S00574,CSE,1,7.85,0.0,4,89.9,2,1,1.0,1
S02454,CSE,3,,1.0,0,,1,4,0.0,0
S00899,CSE,1,7.53,,0,73.9,4,3,0.0,0
S00824,IT,3,6.14,1.0,4,28.5,1,2,1.0,1
S00413,CSE,2,7.61,1.0,6,29.6,3,3,1.0,0
S00879,CIVIL,2,6.01,1.0,3,31.6,1,0,0.0,0
S00960,IT,3,7.47,0.0,1,,3,1,0.0,0
S00621,CSE,3,7.33,1.0,1,45.5,4,4,1.0,1
S01673,CSE,2,7.98,2.0,3,,2,0,1.0,1
S00760,CSE,2,6.71,,0,,0,1,1.0,0
S02154,MECH,3,7.9,1.0,1,63.2,1,4,0.0,0
S01346,ECE,3,6.84,1.0,0,,0,3,0.0,0
S00013,EEE,3,6.15,1.0,1,54.2,3,3,0.0,0
S01265,IT,1,6.75,1.0,4,53.4,5,0,0.0,0
S02389,CSE,2,7.43,0.0,0,54.7,0,1,0.0,0
S01241,ECE,1,7.0,2.0,5,70.9,1,1,0.0,0
S00316,IT,2,,0.0,1,68.7,3,4,1.0,1
S00130,ECE,2,5.98,1.0,0,,0,4,0.0,0
S02283,CSE,3,7.13,,3,42.1,0,1,0.0,0
S01140,CSE,3,6.6,1.0,0,33.9,1,1,0.0,0
S01132,IT,3,7.79,0.0,0,49.5,1,0,0.0,0
S01947,CSE,2,7.5,0.0,0,45.5,3,4,0.0,0
S01997,CSE,3,8.74,1.0,0,56.3,3,1,0.0,0
S00761,CSE,2,6.29,1.0,6,37.0,0,4,0.0,0
S00636,MECH,2,8.7,0.0,0,62.7,4,4,1.0,1
S00650,CIVIL,1,7.78,0.0,0,59.2,2,2,1.0,1
S02128,CSE,1,6.28,0.0,0,51.8,1,4,0.0,0
S00247,CIVIL,3,8.2,0.0,0,49.9,1,1,1.0,1
S00119,CSE,1,6.26,0.0,0,40.3,2,1,,0
S01537,ECE,1,6.83,,0,49.9,0,3,,0
S00730,IT,2,5.58,1.0,3,46.6,1,3,0.0,0
S02284,CSE,2,7.15,0.0,5,59.3,1,2,0.0,0
S00604,CSE,2,6.91,0.0,2,39.4,2,4,0.0,0
S00900,MECH,2,5.72,2.0,0,,2,1,0.0,0
S00038,MECH,2,7.47,0.0,0,,3,1,1.0,1
S02051,ECE,2,7.55,2.0,6,48.1,1,2,0.0,0
S01759,IT,1,6.49,0.0,4,,1,0,1.0,1
S01462,MECH,3,7.46,2.0,0,,5,0,1.0,1
S00979,CSE,3,6.83,1.0,0,77.2,2,1,1.0,1
S00230,EEE,1,7.21,0.0,6,61.9,0,2,1.0,1
S01235,CSE,1,7.08,0.0,6,65.8,2,4,0.0,0
S02290,CSE,2,6.95,0.0,0,,1,3,0.0,0
S01861,CIVIL,2,6.06,1.0,1,,0,0,0.0,0
S01304,IT,2,6.88,2.0,0,,3,0,0.0,0
S01701,CSE,1,8.15,0.0,2,54.4,3,3,1.0,1
S00350,CSE,1,7.91,1.0,4,56.4,6,4,0.0,0
S02353,EEE,2,6.87,1.0,4,50.6,2,4,0.0,0
S00610,IT,3,9.11,0.0,0,74.2,1,2,1.0,1
S00268,EEE,3,7.43,0.0,0,62.5,2,4,0.0,0
S00579,EEE,1,7.34,0.0,5,51.3,0,4,,1
S00008,IT,3,,2.0,0,51.4,0,1,0.0,0
S01280,EEE,2,6.94,,0,36.9,2,1,1.0,1
S00182,IT,1,8.07,0.0,0,76.7,3,4,1.0,1
S01014,CSE,1,6.8,0.0,0,61.5,0,1,0.0,0
S01824,CSE,3,8.7,0.0,4,79.3,2,4,1.0,1
S01217,CIVIL,2,7.95,2.0,0,87.3,3,1,0.0,0
S01192,IT,2,8.31,1.0,0,,2,1,0.0,0
S00351,EEE,2,7.92,1.0,0,,2,4,0.0,0
S01170,EEE,1,7.41,1.0,3,71.2,1,2,0.0,0
S02314,CSE,3,6.49,0.0,0,,2,2,1.0,0
S02118,MECH,3,8.47,1.0,3,67.7,2,4,0.0,0
S01412,CSE,2,6.64,0.0,0,62.5,1,4,0.0,0
S00109,EEE,1,6.95,2.0,0,32.3,2,0,0.0,0
S00493,CSE,3,7.38,0.0,1,49.6,2,3,0.0,0
S01079,CSE,2,6.97,1.0,0,,3,2,0.0,0
S02355,CSE,2,7.36,1.0,5,57.6,1,0,0.0,0
S01065,CIVIL,3,8.29,0.0,0,74.8,0,4,0.0,0
S01775,CSE,2,,0.0,4,67.7,2,2,,0
S02455,CSE,1,7.05,0.0,4,35.6,4,0,1.0,1
S02248,IT,2,8.0,2.0,1,42.6,5,2,1.0,1
S00049,IT,2,6.99,1.0,1,52.9,1,3,0.0,0
S01223,ECE,2,7.75,1.0,0,68.8,2,3,1.0,0
S00088,CSE,3,5.37,2.0,0,56.2,1,3,0.0,0
S00328,CSE,2,8.31,1.0,0,64.2,3,3,0.0,0
S02448,CSE,1,7.41,0.0,0,,4,3,0.0,1
S01715,IT,1,6.15,0.0,0,8.9,5,2,0.0,0
S01347,CSE,3,8.66,0.0,0,63.2,0,3,0.0,1
S00034,IT,2,8.14,1.0,0,84.8,0,3,0.0,0
S00565,IT,3,5.7,,2,,0,4,0.0,0
S00183,CSE,1,7.13,0.0,1,39.0,1,3,0.0,0
S02324,IT,3,5.93,1.0,0,44.7,0,1,0.0,0
S00888,CSE,3,6.35,,6,63.0,2,0,1.0,1
S00884,CSE,3,6.98,0.0,5,61.6,0,3,0.0,0
S01242,IT,2,6.38,,3,36.4,0,2,0.0,0
S01066,MECH,1,5.54,3.0,0,63.1,1,4,0.0,0
S01928,MECH,3,6.75,0.0,5,58.1,0,3,1.0,1
S01158,MECH,2,10.0,0.0,0,78.4,2,0,0.0,0
S02233,CSE,1,7.33,0.0,1,58.6,3,1,0.0,0
S02176,CSE,3,8.21,0.0,3,58.4,2,2,0.0,0
S01964,IT,3,7.74,0.0,5,68.5,1,2,0.0,0
S01221,CSE,2,7.5,1.0,6,,0,0,1.0,1
S01297,CSE,2,8.48,0.0,0,49.3,3,2,0.0,0
S01168,IT,2,7.68,1.0,3,31.3,0,2,1.0,1
S02262,IT,1,8.34,1.0,0,,2,4,1.0,1
S00490,ECE,2,7.91,1.0,1,77.1,2,1,0.0,0
S00540,CSE,2,8.29,,0,,0,4,1.0,1
S01109,CSE,1,7.88,,5,65.3,3,3,1.0,1
S01820,IT,3,6.8,1.0,0,34.2,3,4,0.0,0
S01829,CSE,1,7.41,2.0,0,,2,4,0.0,0
S01963,CSE,2,7.99,2.0,1,,1,1,1.0,1
S01233,MECH,2,7.47,1.0,4,,4,1,0.0,0
S00973,IT,2,,2.0,0,94.9,3,2,0.0,0
S02493,CSE,3,6.54,0.0,5,69.9,0,3,0.0,0
S00774,EEE,2,8.39,0.0,0,76.4,3,1,0.0,0
S00876,CSE,3,6.52,,4,52.9,2,0,1.0,1
S00187,IT,1,6.0,0.0,3,29.8,1,4,0.0,0
S02225,CSE,2,7.58,,0,51.3,3,1,1.0,1
S01754,CSE,1,6.15,0.0,0,28.9,0,0,0.0,0
S01655,MECH,1,6.45,1.0,5,17.6,0,2,0.0,0
S00292,CSE,1,5.34,1.0,1,,3,3,0.0,0
S00091,ECE,3,7.43,2.0,2,49.7,2,1,0.0,0
S00171,CSE,2,8.17,1.0,0,60.1,4,3,0.0,0
S02391,CSE,3,6.13,0.0,6,64.0,3,1,1.0,1
S00389,IT,3,7.54,1.0,0,76.8,1,4,0.0,0
S00393,IT,2,6.75,,0,57.0,0,4,0.0,0
S01269,CSE,3,7.94,0.0,5,,2,0,0.0,0
S02261,IT,2,8.74,0.0,0,60.6,5,2,1.0,1
S00681,CSE,2,7.49,1.0,5,47.1,4,1,0.0,0
S02282,CSE,1,7.04,1.0,0,52.4,1,4,0.0,0
S00083,ECE,1,7.97,0.0,0,69.2,0,4,0.0,0
S01474,ECE,2,7.64,0.0,1,70.4,0,3,1.0,1
S00261,CSE,1,6.55,0.0,2,37.1,2,4,0.0,0
S01574,CSE,1,6.2,1.0,2,30.4,1,2,0.0,0
S02112,ECE,3,7.03,1.0,3,70.4,3,2,1.0,1
S02092,IT,2,7.61,0.0,3,49.5,2,2,0.0,0
S01457,CIVIL,1,5.8,1.0,0,,0,1,0.0,0
S00734,CSE,2,5.59,0.0,0,29.5,3,1,0.0,0
S00783,ECE,2,8.12,2.0,0,,2,4,0.0,0
S01458,ECE,1,9.7,0.0,5,80.8,4,0,1.0,1
S00224,CSE,1,6.74,0.0,2,44.4,0,2,0.0,0
S01262,ECE,1,,1.0,0,,1,3,0.0,0
S00079,IT,2,7.25,0.0,4,55.5,6,1,0.0,0
S00646,CSE,2,7.3,1.0,0,54.1,0,1,0.0,0
S01791,CSE,1,8.52,0.0,5,69.7,4,4,1.0,1
S01371,ECE,2,7.17,1.0,4,46.3,1,1,1.0,1
S01238,IT,2,7.07,0.0,5,51.4,0,3,1.0,1
S00104,IT,2,6.13,0.0,4,50.9,3,0,,0
S02203,IT,2,7.36,0.0,5,64.6,1,3,0.0,0
S01628,CIVIL,2,8.91,,6,87.3,6,0,1.0,1
S00627,IT,2,7.01,1.0,0,49.5,0,3,1.0,0
S01846,CIVIL,1,8.0,,0,43.6,2,3,0.0,0
S01677,CIVIL,2,7.51,0.0,4,55.0,0,0,0.0,0
S01179,ECE,1,8.88,0.0,0,77.2,1,3,0.0,0
S00102,CIVIL,3,7.42,1.0,6,36.3,1,2,0.0,0
S02494,CSE,1,7.17,0.0,0,57.5,2,0,1.0,1
S02019,IT,3,8.38,0.0,0,69.4,1,0,0.0,0
S01413,CSE,2,7.35,2.0,6,83.8,3,2,1.0,1
S00940,CSE,2,7.25,0.0,5,40.7,2,0,1.0,1
S02474,EEE,2,,1.0,2,,1,0,0.0,0
S00472,MECH,1,8.44,2.0,2,,1,1,1.0,1
S01237,MECH,3,6.93,1.0,3,,3,2,0.0,0
S02362,CSE,1,6.88,2.0,2,39.4,0,1,0.0,0
S01815,MECH,2,8.3,0.0,0,64.1,1,3,0.0,0
S00172,IT,2,7.76,2.0,2,58.1,1,0,0.0,0
S01293,CSE,1,7.12,2.0,5,,1,4,0.0,0
S00152,IT,2,8.45,0.0,2,54.7,2,3,1.0,1
S01878,EEE,3,8.3,1.0,1,,1,4,0.0,0
S00965,IT,1,8.98,4.0,2,56.2,2,1,0.0,0
S01697,CIVIL,3,7.41,2.0,0,,1,3,0.0,0
S00404,IT,3,,1.0,0,62.3,2,3,0.0,0
S02214,CSE,3,8.0,0.0,0,55.5,1,4,0.0,0
S01619,CSE,3,8.09,2.0,0,62.9,0,4,1.0,1
S00675,CSE,1,,,0,,4,1,0.0,0
S02040,CSE,3,7.97,0.0,0,86.6,2,0,1.0,1
S01930,IT,2,7.49,0.0,4,61.2,0,3,1.0,1
S01228,EEE,1,8.12,0.0,1,,4,0,0.0,0
S00255,IT,3,6.09,0.0,0,46.0,1,4,1.0,1
S01876,ECE,2,6.16,1.0,0,,0,4,0.0,0
S00204,IT,2,8.33,0.0,0,63.1,1,2,1.0,1
S02356,CSE,2,5.68,1.0,0,21.9,1,2,0.0,0
S00469,CSE,3,6.35,0.0,0,71.8,0,2,0.0,0
S01496,CSE,1,7.61,0.0,6,61.9,1,2,0.0,0
S00865,ECE,1,6.33,2.0,2,,1,2,0.0,0
S00278,CSE,2,6.33,2.0,4,45.7,2,3,0.0,0
S00770,EEE,1,8.49,1.0,0,53.1,1,2,0.0,0
S01161,CSE,1,9.32,0.0,0,86.4,1,1,1.0,1
S00048,IT,2,8.26,0.0,6,,2,0,1.0,1
S01801,EEE,1,7.17,1.0,0,51.7,0,0,0.0,0
S02151,EEE,2,8.16,2.0,1,68.8,5,2,1.0,1
S01278,EEE,1,6.56,1.0,2,45.2,2,3,,0
S01381,IT,2,6.6,1.0,4,51.1,3,0,0.0,0
S00432,CSE,2,7.16,2.0,4,,0,2,0.0,0
S01276,IT,3,8.09,0.0,1,61.5,2,4,0.0,0
S01446,CSE,1,6.5,1.0,0,60.0,3,2,0.0,0
S00921,CSE,1,6.82,0.0,0,39.5,0,4,0.0,0
S00692,IT,2,7.13,0.0,0,87.0,3,3,1.0,1
S01331,ECE,3,6.41,1.0,0,60.7,0,2,0.0,0
S01938,MECH,1,,0.0,0,51.2,1,4,0.0,0
S00608,ECE,3,7.58,0.0,2,57.5,2,3,0.0,1
S02080,CSE,2,7.56,0.0,0,,3,3,0.0,0
S00025,IT,3,8.02,,6,54.8,0,2,0.0,0
S00567,CSE,1,7.69,1.0,0,73.4,2,1,1.0,1
S00279,MECH,2,6.47,1.0,5,48.0,0,4,0.0,0
S01465,CSE,1,6.28,1.0,6,27.6,1,2,0.0,0
S00721,IT,3,6.14,0.0,5,18.8,2,0,0.0,0
S01318,CSE,2,7.75,1.0,0,40.8,1,1,0.0,0
S00552,EEE,2,7.26,,3,,3,4,0.0,0
S01620,EEE,2,8.52,2.0,1,,1,2,0.0,0
S02490,IT,2,6.45,2.0,4,53.7,1,0,0.0,0
S00345,CSE,2,8.15,1.0,0,52.4,0,4,0.0,0
S01510,MECH,3,7.25,1.0,0,36.1,3,0,0.0,0
S01493,IT,1,7.6,1.0,4,72.4,0,3,0.0,0
S00250,CSE,2,6.99,0.0,5,72.7,2,2,0.0,0
S00964,EEE,3,7.76,0.0,0,,2,0,1.0,1
S01236,CSE,2,7.54,0.0,0,,0,1,0.0,0
S01176,EEE,1,6.97,2.0,2,35.4,0,3,0.0,0
S00128,ECE,2,6.46,1.0,1,52.7,1,3,0.0,0
S01090,IT,2,6.65,2.0,3,,0,0,0.0,0
S01234,CSE,3,6.94,0.0,2,41.4,1,3,0.0,0
S00659,CSE,2,7.06,0.0,0,,2,4,0.0,0
S00612,CSE,2,7.34,0.0,3,49.3,1,2,0.0,0
S00665,CSE,3,8.41,0.0,6,67.7,1,2,1.0,1
S01873,IT,3,7.58,0.0,0,48.4,1,2,0.0,0
S00415,IT,1,7.43,1.0,1,49.0,0,4,0.0,0
S02044,ECE,1,6.0,0.0,2,34.8,1,4,0.0,0
S01165,ECE,1,8.48,1.0,5,57.2,2,2,1.0,1
S00924,EEE,1,5.78,0.0,0,32.0,1,2,0.0,0
S00323,CSE,2,6.81,0.0,1,19.6,3,3,0.0,0
S02404,CSE,1,8.14,0.0,2,,0,4,0.0,0
S01940,CSE,3,8.51,0.0,5,44.9,0,3,1.0,1
S00214,CSE,1,6.89,,5,,3,0,0.0,0
S00363,CIVIL,2,7.81,0.0,5,,1,1,0.0,0
S00582,CSE,1,,1.0,0,61.2,1,3,1.0,1
S01762,CSE,1,9.37,0.0,4,59.0,2,0,1.0,1
S00698,CIVIL,2,7.67,0.0,3,30.5,1,3,0.0,0
S01905,MECH,2,5.84,3.0,0,49.9,1,2,0.0,0
S00263,IT,3,7.65,,5,70.2,3,0,0.0,0
S01895,CSE,1,7.2,1.0,0,,2,0,0.0,0
S00382,CSE,1,7.14,0.0,1,66.9,2,4,0.0,0
S02322,MECH,3,7.44,1.0,0,,3,1,0.0,0
S00112,ECE,1,6.36,0.0,0,46.9,2,1,0.0,0
S00275,CSE,2,5.47,1.0,0,37.1,2,4,0.0,0
S00611,CSE,3,6.43,0.0,4,41.6,1,1,0.0,0
S01326,IT,3,7.82,0.0,0,72.9,3,4,1.0,1
S00755,EEE,1,7.57,0.0,0,73.2,0,3,0.0,0
S00141,IT,2,7.86,0.0,0,,1,4,0.0,0
S01451,CSE,1,7.74,2.0,0,,3,3,,1
S02498,CSE,1,7.88,1.0,2,,1,3,1.0,1
S00796,EEE,2,6.71,1.0,4,62.0,2,4,0.0,0
S02402,IT,1,8.21,1.0,5,75.9,2,4,1.0,1
S01267,MECH,1,7.12,1.0,0,28.9,2,0,0.0,0
S01309,IT,3,5.65,2.0,0,,1,3,0.0,0
S01271,ECE,3,8.4,0.0,0,57.7,1,2,0.0,0
S00254,CSE,2,7.87,0.0,0,56.6,1,3,1.0,1
S00027,CSE,3,6.88,0.0,6,78.1,1,0,1.0,1
S01208,CSE,3,6.36,0.0,0,47.9,1,1,1.0,1
S00106,ECE,2,6.15,0.0,1,53.5,1,2,0.0,0
S02050,MECH,1,7.85,0.0,0,88.9,0,3,0.0,0
S02234,CSE,2,8.75,0.0,0,,2,0,1.0,1
S00661,CIVIL,2,7.35,0.0,6,80.9,0,0,0.0,0
S01202,CSE,2,6.16,2.0,0,32.0,2,4,0.0,0
S01934,IT,2,8.15,0.0,0,66.2,1,3,0.0,0
S00554,CIVIL,3,6.99,1.0,2,28.1,2,1,0.0,0
S01653,CSE,1,7.46,0.0,5,59.5,0,2,1.0,1
S01397,CSE,1,5.84,2.0,5,23.1,1,1,0.0,0
S01074,CIVIL,1,6.02,,4,,2,0,,0
S01513,CSE,3,7.82,1.0,0,56.9,1,1,1.0,0
S01210,ECE,1,8.6,0.0,3,73.0,3,2,1.0,1
S01098,EEE,2,6.97,0.0,1,65.2,1,1,0.0,0
S02153,CSE,1,8.05,1.0,0,70.3,0,3,1.0,1
S02416,ECE,2,7.49,3.0,0,45.1,0,4,0.0,0
S00963,CSE,2,7.52,0.0,0,59.4,3,1,1.0,1
S00571,CSE,1,7.44,1.0,4,45.1,4,3,0.0,0
S02185,MECH,2,6.32,2.0,4,,1,0,0.0,0
S00410,IT,3,7.5,1.0,3,53.2,0,4,1.0,1
S01722,CIVIL,1,8.35,1.0,6,70.6,3,4,1.0,1
S00751,CSE,1,,2.0,4,69.1,0,1,1.0,1
S00395,CSE,3,7.97,1.0,0,65.2,1,3,1.0,1
S02294,EEE,2,7.0,,2,61.0,1,2,0.0,0
S01361,CSE,3,6.93,1.0,2,65.4,2,2,0.0,0
S01486,EEE,3,,2.0,1,44.9,2,2,0.0,0
S01307,EEE,3,6.25,0.0,0,,2,1,1.0,1
S01258,CIVIL,2,7.81,0.0,0,,4,4,1.0,1
S00953,MECH,3,7.32,3.0,0,75.9,1,2,0.0,0
S02159,IT,2,8.13,0.0,4,56.4,3,3,1.0,1
S00881,IT,3,8.64,1.0,5,76.4,2,1,0.0,1
S02397,IT,1,6.43,1.0,3,,1,1,1.0,0
S00362,CSE,2,6.41,1.0,1,,1,3,1.0,1
S01332,CSE,1,6.42,0.0,4,32.5,2,4,0.0,0
S00116,ECE,1,5.96,0.0,2,56.6,3,4,1.0,1
S02348,ECE,2,7.11,1.0,0,48.7,0,2,0.0,0
S01141,IT,2,7.39,1.0,6,,1,4,0.0,0
S02054,IT,2,7.2,0.0,6,64.2,1,3,0.0,0
S01870,CSE,3,7.54,3.0,0,50.7,0,1,0.0,0
S00251,ECE,3,7.22,0.0,0,68.3,0,1,0.0,0
S01473,MECH,1,7.1,1.0,2,69.3,2,0,0.0,0
S00131,CSE,1,5.76,1.0,2,59.1,0,2,0.0,0
S00825,IT,2,8.22,0.0,4,65.0,1,1,0.0,0
S02383,ECE,2,6.71,2.0,6,39.8,1,3,0.0,0
S00029,CSE,2,,1.0,0,62.9,1,3,0.0,0
S00053,EEE,1,5.92,1.0,5,47.1,2,0,0.0,0
S01425,EEE,2,7.46,0.0,0,44.2,1,0,0.0,0
S00539,CSE,3,7.36,1.0,0,63.9,1,3,1.0,1
S01108,IT,2,5.84,2.0,3,50.1,1,3,0.0,0
S00969,CSE,3,7.66,2.0,5,77.1,0,2,0.0,0
S00870,EEE,1,7.27,2.0,0,56.6,3,3,0.0,0
S01944,MECH,2,8.87,0.0,2,,1,0,0.0,0
S00841,IT,3,7.12,3.0,0,51.4,1,1,0.0,0
S00530,MECH,2,5.91,1.0,2,42.7,0,1,0.0,0
S01556,IT,1,7.66,1.0,0,43.4,0,1,0.0,0
S02103,CSE,2,,0.0,1,,0,1,0.0,0
S00236,CSE,3,5.85,1.0,0,54.7,0,2,0.0,0
S02307,CSE,2,7.59,0.0,6,39.8,2,1,,1
S00464,EEE,2,8.75,0.0,0,84.5,2,2,0.0,0
S00054,CSE,3,7.69,0.0,0,57.7,3,3,0.0,0
S00252,CSE,2,7.62,0.0,2,,3,2,1.0,1
S02459,CSE,2,8.14,1.0,1,45.3,0,0,0.0,0
S01595,ECE,2,6.57,1.0,6,35.4,0,1,0.0,0
S01579,CSE,1,7.77,1.0,0,64.8,3,2,0.0,0
S01183,CSE,2,6.64,1.0,0,42.4,2,1,1.0,0
S00033,IT,3,7.36,0.0,1,,2,2,0.0,0
S01359,MECH,2,7.2,1.0,1,,2,1,0.0,0
S00654,MECH,1,8.13,3.0,4,72.1,3,4,1.0,1
S01621,CSE,3,8.26,0.0,0,43.1,1,1,1.0,1
S00006,ECE,3,6.64,1.0,0,45.3,0,3,0.0,0
S00684,IT,2,7.4,1.0,0,52.1,2,3,0.0,0
S01500,IT,1,7.4,1.0,5,24.8,2,3,0.0,0
S01218,CSE,3,7.61,0.0,0,41.9,2,2,0.0,0
S01712,IT,1,6.96,0.0,0,,3,1,0.0,0
S00948,CSE,2,6.51,0.0,0,35.1,3,2,1.0,1
S00687,CSE,1,8.0,1.0,0,,3,4,1.0,1
S01283,CSE,3,7.21,0.0,0,,0,3,0.0,0
S01502,CSE,1,,0.0,0,56.1,2,0,1.0,0
S00529,CSE,2,7.23,0.0,6,47.1,3,1,0.0,0
S01499,CSE,1,7.12,1.0,2,41.9,1,0,1.0,1
S00231,CSE,1,7.63,1.0,4,55.2,1,4,0.0,0
S01856,ECE,3,6.82,1.0,6,61.1,1,2,0.0,0
S02004,CSE,1,6.14,1.0,0,44.3,0,0,0.0,0
S02436,ECE,2,,0.0,1,64.3,7,3,0.0,0
S01288,MECH,1,6.67,0.0,0,28.9,2,0,0.0,0
S00754,IT,1,8.29,0.0,4,58.3,2,4,0.0,0
S00763,CSE,1,7.43,0.0,0,,1,4,0.0,0
S01809,CSE,2,7.21,2.0,2,,2,2,1.0,1
S00717,CSE,1,7.64,1.0,3,68.9,1,1,1.0,1
S01802,IT,3,6.66,3.0,2,56.8,1,2,,0
S00062,MECH,1,7.73,2.0,0,,1,0,0.0,0
S01959,CSE,1,8.29,1.0,5,56.4,1,0,0.0,0
S02270,EEE,2,7.56,0.0,4,72.2,2,3,0.0,0
S00380,CSE,2,6.47,2.0,0,37.3,0,4,0.0,0
S02457,IT,1,6.44,1.0,0,,0,1,0.0,0
S02369,IT,1,,0.0,0,48.4,1,4,0.0,0
S02085,CSE,2,6.56,0.0,0,,1,0,0.0,0
S02481,EEE,2,7.37,,1,51.3,2,1,0.0,0
S01635,IT,1,5.0,2.0,3,12.1,4,0,0.0,0
S00625,EEE,2,7.91,2.0,0,62.6,4,2,0.0,0
S00449,IT,2,6.65,0.0,1,34.6,1,3,1.0,0
S00367,CSE,3,6.38,2.0,2,,1,3,0.0,0
S00727,CSE,1,7.03,0.0,2,,0,1,1.0,1
S01310,CSE,2,7.64,0.0,3,42.5,0,2,0.0,0
S02382,IT,1,6.58,0.0,1,47.4,1,1,0.0,0
S01857,MECH,1,6.42,0.0,0,16.3,0,4,0.0,0
S00092,ECE,3,,1.0,2,78.4,1,3,0.0,0
S01898,IT,2,,0.0,0,38.4,0,3,0.0,0
S01488,CSE,1,8.56,0.0,0,57.5,4,0,0.0,0
S00860,CSE,3,8.05,0.0,3,60.2,0,1,0.0,0
S01604,CSE,2,6.67,0.0,0,,0,3,1.0,1
S00863,EEE,2,5.0,3.0,1,8.9,3,3,0.0,0
S02074,CSE,1,6.32,2.0,0,16.5,0,2,0.0,0
S00210,CSE,2,7.55,1.0,3,66.7,1,3,1.0,1
S01652,IT,3,6.36,0.0,2,32.1,1,2,0.0,0
S02403,CSE,2,6.45,2.0,4,52.4,0,2,0.0,0
S00103,ECE,1,7.38,0.0,0,,0,1,0.0,0
S02133,EEE,3,,0.0,4,,2,0,1.0,1
S01035,CSE,3,8.06,0.0,5,50.7,1,0,1.0,1
S01382,CSE,1,5.8,0.0,0,27.1,1,4,0.0,0
S00606,CSE,1,6.51,1.0,0,49.8,1,3,1.0,1
S00011,CSE,3,7.46,2.0,6,80.2,2,4,1.0,1
S00166,EEE,2,6.73,0.0,2,55.5,2,3,0.0,0
S01215,CIVIL,2,7.74,,3,46.8,1,3,0.0,0
S02492,ECE,2,7.86,0.0,0,54.3,1,4,0.0,0
S01615,EEE,2,6.12,1.0,0,43.3,1,4,1.0,0
S02268,CSE,1,6.17,2.0,0,49.4,3,4,,0
S00481,EEE,2,7.4,3.0,3,59.2,2,0,,0
S01010,IT,2,7.68,0.0,0,45.4,1,4,0.0,0
S01969,EEE,1,6.72,0.0,3,47.6,1,3,0.0,0
S00915,IT,2,8.12,0.0,3,61.9,3,4,1.0,1
S01632,CIVIL,1,6.99,1.0,6,65.5,4,0,0.0,0
S00736,CSE,1,5.75,1.0,1,17.5,1,1,0.0,0
S01523,ECE,2,6.91,0.0,1,40.4,1,1,0.0,0
S01743,CSE,3,7.63,4.0,1,65.5,0,3,1.0,1
S02456,CSE,3,6.79,0.0,3,,1,2,0.0,0
S00815,IT,2,5.89,,0,56.9,0,0,0.0,0
S01172,CSE,2,7.86,1.0,3,41.1,1,4,0.0,0
S02439,CSE,2,8.09,2.0,0,50.1,1,1,0.0,0
S00067,CSE,1,8.78,,0,72.7,2,0,,1
S02022,CSE,3,6.97,2.0,0,69.8,1,0,0.0,0
S01639,IT,1,5.19,1.0,0,31.4,0,4,0.0,0
S00707,IT,3,5.9,1.0,1,57.6,0,4,0.0,0
S00428,CSE,2,6.73,1.0,6,43.4,0,3,1.0,1
S00769,ECE,3,6.66,0.0,0,49.3,3,1,0.0,0
S00642,EEE,2,8.01,1.0,6,,1,4,0.0,0
S00305,CSE,3,6.1,0.0,0,51.3,2,4,1.0,1
S00125,CSE,1,9.26,0.0,6,85.0,2,4,1.0,1
S01555,EEE,3,7.3,2.0,0,51.1,1,3,,0
S01566,CSE,3,,2.0,0,61.8,2,4,1.0,1
S01562,CSE,2,6.61,0.0,0,46.3,3,4,0.0,0
S01127,CSE,2,7.88,1.0,2,93.7,3,0,1.0,1
S01782,CSE,2,7.45,0.0,5,,0,3,1.0,1
S01119,IT,1,9.24,0.0,0,77.8,2,3,,1
S02334,CSE,2,6.39,1.0,1,50.9,1,3,0.0,0
S00009,CSE,1,6.76,1.0,3,37.8,3,4,,0
S00882,CSE,2,7.4,0.0,0,47.3,3,4,1.0,1
S01045,IT,1,8.22,0.0,1,,0,0,0.0,0
S02147,ECE,2,6.83,0.0,0,47.1,2,2,0.0,0
S01012,MECH,3,8.58,0.0,6,,1,4,1.0,1
S01971,MECH,1,7.25,0.0,0,52.9,3,2,0.0,0
S02164,IT,1,,0.0,0,63.3,3,3,1.0,1
S02216,CSE,1,6.48,0.0,0,,0,1,0.0,0
S02130,ECE,1,7.29,0.0,4,47.2,3,0,0.0,0
S02449,CSE,1,7.98,0.0,2,52.9,1,3,1.0,1
S00234,ECE,3,6.09,,2,,4,0,0.0,0
S01095,IT,1,6.11,0.0,0,,0,2,0.0,0
S01704,ECE,1,7.77,0.0,0,28.8,2,0,0.0,0
S01130,IT,1,9.02,0.0,0,61.8,2,1,0.0,0
S00992,ECE,2,7.98,0.0,6,77.6,3,4,1.0,1
S01664,MECH,3,7.36,0.0,6,,1,3,0.0,0
S00542,ECE,2,7.61,2.0,3,66.0,0,1,0.0,0
S01480,CSE,1,8.7,1.0,0,,1,2,0.0,0
S01019,CSE,3,6.9,0.0,4,52.5,0,1,0.0,0
S01069,CSE,1,7.68,0.0,0,62.1,0,2,1.0,1
S00327,CSE,2,6.96,1.0,6,48.3,1,1,1.0,1
S02002,IT,2,8.53,,0,56.7,3,2,0.0,0
S00645,CSE,2,5.97,0.0,0,39.4,1,3,0.0,0
S00406,CSE,2,8.6,0.0,1,93.0,5,2,1.0,1
S00943,CIVIL,1,,1.0,0,68.1,1,3,0.0,0
S01863,MECH,1,7.99,0.0,4,64.6,0,4,0.0,0
S00146,IT,1,7.95,0.0,3,78.2,6,1,1.0,1
S00752,CSE,2,7.46,0.0,4,46.5,2,1,1.0,1
S00580,CSE,1,7.29,1.0,3,54.9,1,2,0.0,0
S01538,IT,2,7.09,0.0,5,46.4,2,3,0.0,0
S01631,EEE,3,6.48,1.0,0,,0,3,0.0,0
S02468,CSE,2,7.11,0.0,1,32.3,2,2,0.0,0
S01036,CSE,3,7.01,1.0,3,51.0,0,2,,0
S02399,CIVIL,3,8.2,1.0,0,87.9,0,0,0.0,0
S01375,IT,2,5.58,5.0,1,41.8,0,1,0.0,0
S00733,CSE,2,7.98,,6,64.6,4,3,0.0,0
S02194,CIVIL,2,6.37,1.0,1,44.5,1,1,0.0,0
S01128,CSE,1,7.87,0.0,0,34.2,1,3,1.0,1
S00120,IT,1,5.78,2.0,2,44.4,0,4,0.0,0
S01105,CSE,2,8.09,1.0,1,66.3,1,4,0.0,0
S01711,CSE,1,7.68,0.0,1,,0,0,0.0,0
S01705,ECE,1,7.93,0.0,0,52.8,1,2,0.0,0
S01356,CSE,2,8.12,1.0,5,,2,0,1.0,1
S01263,IT,3,,0.0,5,41.6,0,4,0.0,0
S01037,CIVIL,3,7.56,0.0,6,65.8,3,0,0.0,0
S00601,EEE,3,7.35,0.0,0,59.2,1,3,,0
S02201,CSE,2,9.06,2.0,0,66.2,1,4,1.0,1
S02193,IT,2,7.92,2.0,0,63.4,2,4,0.0,0
S00975,CSE,2,7.42,0.0,5,,1,4,1.0,1
S01027,IT,3,6.99,1.0,1,58.1,2,2,1.0,1
S02141,EEE,2,7.54,0.0,5,58.4,2,4,,1
S02057,IT,1,,0.0,0,,2,0,1.0,1
S00221,EEE,3,6.51,2.0,1,37.4,2,0,0.0,0
S00936,CSE,2,7.33,1.0,3,36.3,1,3,0.0,0
S00764,CSE,1,7.66,1.0,3,53.2,0,0,1.0,1
S00360,IT,2,6.48,,0,50.8,0,1,0.0,0
S01833,CSE,3,7.65,0.0,0,63.1,1,4,0.0,0
S00111,ECE,2,7.91,0.0,6,74.2,2,1,0.0,0
S00875,EEE,1,7.51,0.0,6,52.3,1,2,0.0,0
S00599,CSE,1,7.85,0.0,2,,2,0,1.0,1
S02109,CSE,1,6.99,0.0,6,51.7,1,1,0.0,0
S00506,ECE,1,6.93,0.0,1,45.8,1,2,0.0,0
S01883,CSE,3,6.81,0.0,4,30.4,2,0,0.0,0
S02155,ECE,1,6.36,3.0,6,,0,2,0.0,0
S00308,EEE,2,7.53,1.0,0,,3,0,1.0,1
S00448,MECH,1,7.84,0.0,0,,1,4,1.0,1
S01886,CSE,2,6.99,,4,43.9,0,0,0.0,0
S01373,IT,1,7.88,1.0,6,61.3,4,3,1.0,1
S02323,ECE,2,6.32,2.0,3,,2,3,0.0,0
S01253,CIVIL,2,6.7,0.0,4,59.4,3,2,0.0,0
S01034,CSE,3,6.08,3.0,3,46.6,0,3,0.0,0
S00446,CSE,2,7.96,0.0,3,68.7,3,2,1.0,1
S02229,IT,3,,2.0,5,48.6,1,0,0.0,0
S01072,CSE,1,7.08,0.0,0,,2,1,1.0,1
S01444,CSE,3,5.11,0.0,0,,0,4,0.0,0
S00014,CSE,1,7.46,2.0,0,57.0,1,3,0.0,0
S00253,CSE,2,7.27,0.0,2,53.6,0,0,1.0,1
S00968,MECH,2,6.51,1.0,1,36.4,1,3,0.0,0
S00175,CSE,1,7.63,1.0,0,,1,1,0.0,0
S02347,CSE,1,7.17,2.0,3,49.7,0,1,0.0,0
S00436,IT,3,7.45,0.0,5,62.7,0,2,0.0,0
S01039,EEE,2,6.72,0.0,0,53.0,0,3,0.0,0
S01695,CIVIL,1,7.5,1.0,5,57.0,1,1,1.0,1
S01274,ECE,2,6.91,1.0,2,48.2,2,4,0.0,0
S02064,IT,1,8.54,0.0,0,52.4,1,0,0.0,0
S02295,IT,2,8.58,0.0,0,72.0,1,1,1.0,1
S01843,CSE,2,5.88,1.0,0,35.4,2,4,0.0,0
S00895,EEE,3,7.1,3.0,2,26.3,1,3,0.0,0
S00169,MECH,2,7.33,2.0,0,32.6,1,4,0.0,0
S01624,ECE,3,7.54,1.0,6,26.6,4,2,0.0,0
S02328,MECH,3,6.9,0.0,0,67.0,0,3,0.0,0
S00291,IT,1,7.54,1.0,1,84.5,2,0,0.0,0
S02286,EEE,1,6.27,1.0,2,49.2,2,3,0.0,0
S01099,CSE,2,8.14,1.0,5,,0,2,0.0,0
S01663,CSE,2,7.81,,2,50.6,2,0,0.0,0
S01991,CSE,3,7.08,,6,63.2,4,0,1.0,1
S01654,CSE,1,7.64,1.0,3,49.1,2,2,1.0,1
S00808,IT,2,5.22,0.0,6,33.7,1,2,0.0,0
S02475,EEE,2,7.59,0.0,0,,0,4,1.0,1
S01752,CSE,1,6.16,1.0,4,56.3,2,3,0.0,0
S00121,CSE,1,7.47,1.0,0,61.1,4,0,0.0,1
S01230,CSE,1,6.93,,0,57.9,0,3,0.0,0
S02341,EEE,2,7.11,0.0,0,48.9,0,3,0.0,0
S00947,CSE,3,6.61,1.0,3,59.0,2,2,0.0,0
S00061,ECE,3,7.31,,1,59.1,1,3,0.0,0
S00205,CSE,3,8.44,0.0,1,79.8,0,3,1.0,1
S02095,EEE,2,7.18,1.0,2,71.0,2,4,1.0,1
S02274,CSE,2,6.76,0.0,3,54.1,0,4,0.0,0
S00199,CSE,3,8.41,0.0,1,65.8,0,4,1.0,1
S00037,EEE,1,7.3,2.0,5,,0,0,0.0,0
S02289,IT,3,7.81,0.0,0,46.6,3,4,0.0,0
S02212,CSE,1,5.92,1.0,0,46.5,1,4,0.0,0
S01875,IT,2,7.91,0.0,0,56.3,1,1,0.0,0
S00456,CIVIL,1,6.8,1.0,0,,1,3,0.0,0
S01434,CSE,2,7.95,0.0,0,83.3,2,3,0.0,0
S01463,MECH,1,7.09,1.0,4,,7,0,0.0,0
S00790,CSE,2,8.71,1.0,2,,2,4,1.0,1
S01868,CSE,3,7.36,1.0,1,56.7,1,4,1.0,1
S01295,CSE,2,7.42,3.0,0,60.7,1,4,0.0,0
S01063,CSE,1,7.82,1.0,0,,1,4,1.0,1
S01300,CSE,3,7.16,1.0,2,33.1,3,1,1.0,1
S01984,ECE,1,7.8,3.0,2,80.8,0,4,0.0,0
S02008,IT,3,8.0,1.0,1,73.1,2,2,0.0,0
S02200,EEE,1,6.98,4.0,0,,0,0,0.0,0
S01129,MECH,3,7.09,2.0,4,39.8,3,1,0.0,0
S01314,CSE,1,5.86,0.0,0,42.8,0,3,,0
S01528,CSE,2,6.98,1.0,5,53.9,2,1,,0
S01032,ECE,2,6.45,1.0,0,43.8,1,3,0.0,0
S01224,IT,3,7.67,0.0,0,57.6,2,1,0.0,0
S00757,CSE,3,7.95,0.0,0,60.6,3,2,1.0,1
S01325,CSE,2,7.1,0.0,3,37.9,3,3,1.0,1
S00906,IT,3,6.46,0.0,5,61.3,2,1,0.0,0
S00394,CSE,3,6.84,1.0,2,43.1,1,0,0.0,0
S00423,CSE,3,,2.0,0,,2,2,0.0,0
S00063,EEE,2,7.62,2.0,0,54.9,2,0,0.0,0
S00981,CSE,1,6.79,1.0,1,45.9,1,3,1.0,1
S02316,EEE,1,7.58,0.0,0,38.5,2,3,0.0,0
S01800,EEE,2,5.9,0.0,3,36.4,0,1,0.0,0
S01560,CSE,2,8.49,1.0,2,71.3,2,4,0.0,0
S00474,ECE,1,6.88,2.0,2,69.7,2,1,0.0,0
S01985,EEE,1,8.09,0.0,3,45.4,1,4,1.0,1
S00655,CSE,3,6.4,1.0,3,53.5,1,4,1.0,1
S01890,CSE,1,6.52,0.0,1,59.7,1,2,1.0,1
S02186,CSE,2,5.1,3.0,1,16.8,0,2,0.0,0
S02309,ECE,2,8.62,1.0,3,82.0,1,4,,0
S02422,IT,2,7.25,0.0,0,65.1,1,1,0.0,0
S00296,CSE,1,7.01,3.0,5,62.8,1,4,1.0,1
S02305,ECE,1,,0.0,0,58.2,0,3,0.0,0
S01516,CSE,1,7.22,0.0,3,84.2,2,4,1.0,1
S00516,CSE,1,8.05,0.0,1,66.9,4,0,0.0,0
S00208,IT,1,6.69,0.0,2,37.5,2,1,0.0,0
S00057,IT,1,7.55,0.0,0,,2,1,0.0,1
S00926,CSE,1,8.89,0.0,0,72.9,2,3,1.0,1
S01284,IT,1,8.92,,0,75.2,3,4,1.0,1
S01688,ECE,3,9.07,0.0,0,80.2,4,1,0.0,0
S01478,IT,1,7.86,0.0,1,72.2,3,3,0.0,0
S02049,CIVIL,1,6.76,2.0,0,,1,1,0.0,0
S01083,CSE,2,7.7,0.0,6,,2,3,1.0,1
S02419,CIVIL,2,7.01,,1,,3,2,0.0,0
S00114,CSE,2,8.14,1.0,0,60.5,1,4,0.0,0
S02247,MECH,2,7.1,1.0,5,,2,2,0.0,0
S00400,EEE,3,7.73,1.0,5,57.0,0,0,0.0,0
S00983,CSE,2,6.51,2.0,1,58.4,1,4,0.0,0
S00951,ECE,3,5.66,2.0,1,30.7,0,4,0.0,0
S00192,IT,3,7.16,1.0,0,58.6,1,1,0.0,0
S02443,IT,2,7.64,0.0,4,60.2,4,0,1.0,0
S01515,CIVIL,2,6.91,1.0,2,29.3,1,3,0.0,0
S00352,CSE,2,6.71,2.0,0,36.8,2,4,0.0,0
S02035,CSE,1,8.05,1.0,0,74.7,1,4,1.0,1
S01026,CIVIL,2,6.27,1.0,1,46.5,0,3,0.0,0
S01113,IT,3,7.93,1.0,0,71.4,3,0,0.0,0
S00853,IT,2,6.8,1.0,0,42.4,1,0,1.0,1
S00416,CIVIL,1,7.29,2.0,0,50.5,2,2,1.0,1
S00677,IT,3,7.9,2.0,6,,2,3,1.0,1
S00315,MECH,2,6.95,0.0,3,44.8,6,2,0.0,0
S00135,IT,1,6.96,1.0,2,53.9,0,1,0.0,0
S01834,CSE,3,6.6,0.0,6,30.2,1,0,1.0,1
S00059,CSE,3,8.54,0.0,2,,2,4,0.0,0
S00892,IT,1,6.65,0.0,6,31.4,2,2,0.0,0
S01660,CIVIL,1,,2.0,0,54.6,0,0,0.0,0
S00570,MECH,1,,1.0,2,35.5,1,2,0.0,0
S00228,EEE,2,6.93,0.0,5,62.3,1,1,0.0,1
S01610,IT,3,6.15,0.0,5,40.3,1,0,0.0,0
S02026,CSE,3,6.49,0.0,6,48.1,0,2,0.0,0
S02460,EEE,1,6.21,2.0,3,29.2,1,3,,0
S02056,ECE,3,5.96,2.0,1,27.5,0,2,0.0,0
S01670,CSE,1,6.97,2.0,0,52.4,2,0,0.0,0
S01062,IT,1,8.17,0.0,0,80.0,2,2,1.0,1
S02142,IT,3,6.65,0.0,0,35.3,0,4,0.0,0
S02388,CSE,1,6.83,3.0,0,53.3,0,0,0.0,0
S00045,CSE,1,7.08,0.0,0,49.8,3,1,1.0,1
S02260,CSE,1,,1.0,0,69.3,3,2,1.0,1
S00191,CSE,2,8.03,1.0,0,86.1,2,2,0.0,0
S00997,CSE,2,5.5,0.0,0,37.4,1,2,0.0,0
S00398,CSE,1,6.03,1.0,5,,0,0,1.0,1
S02196,EEE,2,8.24,0.0,0,71.9,2,2,1.0,1
S00501,IT,3,6.63,,6,,1,2,0.0,0
S02242,CSE,3,7.6,1.0,0,,1,3,0.0,0
S01022,MECH,1,6.79,0.0,6,,3,4,0.0,0
S01675,IT,3,7.37,0.0,0,21.2,3,1,0.0,0
S02217,MECH,1,7.11,0.0,5,68.6,1,3,0.0,0
S00891,CIVIL,2,6.49,2.0,1,42.6,1,2,0.0,0
S01784,EEE,3,,0.0,6,30.1,0,1,0.0,0
S00583,IT,1,8.17,0.0,0,87.6,0,4,1.0,1
S00197,IT,2,6.4,0.0,0,,1,1,0.0,0
S02199,IT,2,7.0,2.0,3,41.3,1,4,1.0,1
S02368,EEE,2,7.53,1.0,0,47.5,1,3,0.0,0
S01404,EEE,2,6.41,1.0,2,61.1,3,1,0.0,0
S00445,CSE,2,8.81,2.0,2,,2,0,1.0,1
S01489,IT,1,6.4,1.0,4,66.9,2,2,0.0,0
S00375,ECE,2,5.46,2.0,4,14.9,1,1,0.0,0
S02238,MECH,2,6.42,1.0,5,47.7,0,3,0.0,0
S01955,CSE,2,9.05,0.0,2,77.0,4,4,0.0,0
S01207,CSE,2,7.03,0.0,4,61.7,0,3,,1
S00331,IT,3,,0.0,1,51.1,2,4,0.0,0
S01277,IT,2,5.3,2.0,4,,0,3,0.0,0
S00459,MECH,2,7.76,,1,71.5,3,3,0.0,0
S01279,EEE,2,5.98,1.0,0,17.8,2,4,0.0,0
S01240,CSE,3,8.39,2.0,1,72.7,2,1,0.0,0
S00836,ECE,1,7.26,1.0,0,70.7,1,3,0.0,0
S01721,IT,2,7.59,0.0,3,,2,0,0.0,0
S02339,CSE,2,8.18,1.0,3,,0,1,0.0,0
S01771,CSE,3,7.15,0.0,5,51.8,0,4,0.0,0
S00714,IT,1,6.29,1.0,0,34.8,2,1,0.0,0
S01540,IT,3,8.76,0.0,0,,3,0,1.0,1
S01594,IT,2,7.23,1.0,0,,2,2,0.0,0
S01761,IT,3,7.62,1.0,3,74.4,0,2,0.0,0
S01676,IT,1,6.76,1.0,3,,0,3,0.0,0
S00371,CIVIL,3,5.83,0.0,1,54.0,2,4,,0
S02169,MECH,1,6.63,1.0,4,83.3,1,0,0.0,0
S00933,EEE,2,6.54,1.0,0,41.7,2,1,0.0,0
S02032,CSE,1,7.01,3.0,3,60.9,1,1,0.0,0
S01301,ECE,2,7.3,1.0,0,60.7,1,4,1.0,1
S00547,CIVIL,2,5.87,1.0,4,32.3,1,2,1.0,0
S01690,CSE,2,6.18,0.0,2,26.3,1,3,0.0,0
S01825,CSE,3,7.3,1.0,0,71.7,2,2,0.0,0
S02497,MECH,2,8.25,0.0,0,31.0,0,4,1.0,0
S00258,CSE,2,9.47,0.0,6,,2,1,0.0,1
S01251,EEE,2,8.46,0.0,0,59.2,1,4,1.0,1
S01268,ECE,2,7.25,0.0,0,47.5,2,1,0.0,0
S01117,EEE,2,7.22,0.0,3,51.5,2,1,0.0,0
S02259,CSE,2,7.85,0.0,5,52.3,0,0,0.0,0
S01850,CSE,2,8.54,0.0,0,,3,0,1.0,1
S01005,EEE,3,6.4,0.0,0,59.0,0,3,0.0,0
S00787,CSE,2,7.18,2.0,2,45.5,1,1,,0
S00980,CSE,3,6.66,0.0,1,89.8,3,1,1.0,1
S00657,CSE,3,6.85,,5,59.0,0,1,,0
S01909,IT,2,6.47,,0,62.0,1,2,0.0,0
S02489,IT,1,6.93,0.0,3,,2,3,1.0,1
S01835,CSE,2,7.44,2.0,0,26.6,2,0,1.0,1
S01355,ECE,1,6.74,2.0,0,53.1,3,4,,0
S01865,CSE,3,8.14,0.0,0,69.9,1,0,0.0,0
S01443,IT,3,6.9,,0,42.3,1,2,0.0,0
S02405,EEE,2,7.75,1.0,1,27.1,2,4,0.0,0
S01767,IT,3,7.83,1.0,0,66.1,2,3,1.0,1
S02043,IT,2,5.88,,5,40.9,1,3,0.0,0
S01649,CSE,2,7.64,2.0,4,62.1,1,3,0.0,0
S01669,CSE,2,9.47,1.0,1,56.0,4,0,1.0,1
S00274,CSE,1,6.42,,3,59.3,1,3,0.0,0
S01565,IT,1,,2.0,5,39.0,1,2,0.0,0
S02337,ECE,1,6.98,0.0,6,71.0,1,1,0.0,0
S01559,MECH,2,7.73,2.0,6,,5,3,0.0,0
S01816,CSE,2,5.43,1.0,1,,0,2,0.0,0
S02351,CSE,3,8.05,1.0,4,56.2,1,0,0.0,0
S00548,ECE,2,9.45,,0,,5,4,0.0,0
S00946,MECH,1,6.51,0.0,1,,0,1,0.0,0
S01674,ECE,2,6.82,0.0,6,35.1,2,2,0.0,0
S00518,IT,3,8.22,,5,,0,2,0.0,0
S01187,CSE,2,6.34,0.0,0,42.2,3,0,1.0,1
S02024,CSE,3,8.94,1.0,0,34.1,1,2,0.0,0
S00688,IT,2,5.83,0.0,0,46.0,0,1,,0
S01177,CIVIL,1,7.27,1.0,5,46.6,2,1,0.0,0
S01464,MECH,3,7.44,1.0,5,,3,4,,0
S01633,CSE,3,,1.0,4,20.4,4,0,0.0,0
S01729,EEE,1,7.42,1.0,0,61.5,2,3,0.0,0
S01854,CSE,2,6.57,1.0,2,48.1,1,4,0.0,0
S01974,IT,1,7.57,0.0,0,55.0,1,0,0.0,0
S00800,IT,3,8.09,0.0,0,71.6,2,1,0.0,0
S01804,ECE,1,8.27,0.0,0,70.9,0,0,1.0,0
S00913,CSE,1,7.56,1.0,6,52.6,1,2,1.0,1
S00419,CSE,1,8.2,0.0,6,52.5,4,1,1.0,1
S00193,IT,2,6.95,0.0,1,57.0,1,1,1.0,1
S02483,CSE,1,6.26,0.0,0,42.1,2,0,0.0,0
S00690,IT,2,7.92,0.0,1,85.8,1,2,1.0,1
S01507,CSE,1,7.6,0.0,1,46.6,5,1,0.0,0
S00098,CSE,2,6.38,2.0,5,45.1,3,2,1.0,1
S00877,CSE,1,7.0,1.0,0,56.8,4,0,1.0,1
S01578,CSE,2,7.0,1.0,0,,2,3,0.0,0
S00081,MECH,2,6.0,2.0,6,54.4,4,1,0.0,0
S01936,CSE,3,6.66,0.0,4,42.4,4,4,0.0,0
S01658,CSE,1,7.64,1.0,1,,5,1,0.0,0
S00318,CSE,2,6.93,2.0,0,40.4,3,0,0.0,0
S02046,CSE,3,8.06,0.0,6,55.8,0,2,1.0,1
S00828,CSE,2,7.44,0.0,4,55.1,2,3,1.0,1
S01612,ECE,2,6.26,1.0,2,48.4,1,4,1.0,1
S01641,CSE,3,5.44,0.0,1,10.9,0,2,0.0,0
S01167,CSE,2,7.96,2.0,5,53.7,1,2,0.0,0
S02156,MECH,3,5.09,,4,28.4,1,3,0.0,0
S00801,ECE,3,,1.0,0,,1,4,0.0,0
S01692,CSE,2,6.77,0.0,1,,1,0,0.0,0
S02482,CIVIL,3,7.25,2.0,0,57.1,1,3,0.0,0
S01591,IT,1,8.0,1.0,0,59.8,0,4,0.0,0
S01150,ECE,3,6.4,2.0,1,,1,2,0.0,0
S00886,CSE,3,9.23,0.0,4,64.9,1,3,0.0,0
S01146,ECE,2,8.25,0.0,0,65.6,0,0,0.0,0
S02222,CSE,1,7.34,1.0,0,,2,4,0.0,0
S01788,ECE,2,6.92,1.0,2,73.8,2,1,0.0,0
S00075,EEE,2,7.81,1.0,0,51.1,2,0,0.0,0
S02079,CSE,2,6.37,1.0,0,,1,3,1.0,1
S00447,CSE,2,6.23,0.0,0,44.1,5,0,1.0,1
S00377,MECH,2,7.47,0.0,5,,3,2,0.0,0
S01744,CSE,3,6.98,0.0,1,51.6,2,1,1.0,1
S00160,MECH,1,6.62,1.0,0,60.1,2,3,0.0,0
S01182,CIVIL,2,8.58,0.0,2,74.4,1,3,1.0,1
S01338,CSE,1,6.74,1.0,6,,2,3,1.0,0
S00466,CSE,1,7.39,1.0,6,61.5,4,4,0.0,0
S02438,CSE,1,8.89,0.0,0,,2,0,1.0,1
S02052,CSE,3,8.04,0.0,2,,2,3,0.0,0
S00099,IT,2,7.07,1.0,0,36.2,1,4,0.0,0
S00602,CSE,3,6.52,,2,,1,0,0.0,0
S00522,ECE,2,5.61,1.0,2,35.4,1,0,0.0,0
S00794,ECE,2,,0.0,0,28.9,1,3,0.0,0
S02075,CSE,2,6.84,4.0,3,58.0,1,4,0.0,1
S01195,EEE,2,8.49,0.0,0,,2,1,0.0,0
S01245,EEE,2,8.02,1.0,6,54.9,1,4,0.0,0
S00649,IT,2,6.8,0.0,3,53.1,2,3,0.0,0
S01395,CSE,2,7.88,0.0,2,61.7,1,4,1.0,1
S01147,ECE,1,7.5,1.0,0,44.2,2,0,1.0,1
S01524,IT,2,7.84,1.0,0,47.3,0,0,0.0,0
S00586,CSE,2,8.19,0.0,6,64.7,1,1,0.0,0
S01345,CSE,1,6.38,4.0,2,41.9,0,4,0.0,0
S02037,CSE,1,7.09,2.0,0,58.2,1,2,0.0,0
S00105,EEE,1,7.68,,0,50.6,1,4,0.0,0
S00812,EEE,1,6.69,0.0,0,,2,0,,0
S02059,CSE,1,6.61,0.0,6,36.5,1,4,0.0,0
S01888,IT,2,7.63,1.0,2,46.0,0,1,0.0,0
S02264,IT,3,5.18,0.0,4,29.3,1,3,0.0,0
S00082,CIVIL,1,8.67,1.0,3,,0,4,0.0,0
S00873,MECH,1,7.56,1.0,4,,1,4,0.0,0
S01366,IT,2,5.88,0.0,0,51.1,1,1,0.0,0
S02241,MECH,2,8.62,0.0,0,69.9,2,2,1.0,1
S01287,IT,2,6.87,0.0,0,60.3,0,1,0.0,0
S02372,IT,2,7.45,,4,59.8,3,2,0.0,0
S01219,CIVIL,1,6.81,1.0,6,29.4,2,1,,0
S01403,CSE,2,8.04,1.0,0,,1,3,0.0,0
S01557,CSE,2,6.1,2.0,0,,0,4,0.0,0
S02280,ECE,3,6.72,,4,39.2,2,1,1.0,1
S01174,CIVIL,1,6.11,3.0,0,37.0,4,2,0.0,0
S00819,CSE,2,7.17,0.0,3,,3,0,1.0,1
S02101,CSE,2,6.76,0.0,3,80.0,0,2,1.0,1
S02335,ECE,3,7.46,1.0,0,,1,0,0.0,0
S00672,ECE,1,7.4,0.0,0,37.6,1,0,0.0,0
S01962,EEE,2,8.64,0.0,2,78.8,2,4,0.0,0
S00553,CSE,1,7.2,4.0,0,,1,1,0.0,0
S00594,IT,2,6.85,1.0,0,77.3,2,2,,0
S02048,CSE,3,8.85,2.0,0,53.4,3,3,1.0,1
S00420,IT,3,6.73,0.0,4,66.8,0,3,0.0,0
S01896,CSE,3,8.05,0.0,6,,2,1,1.0,1
S01659,CSE,1,6.93,0.0,0,,3,2,0.0,0
S00724,IT,1,6.94,0.0,3,54.7,0,0,0.0,0
S00294,CSE,2,6.79,0.0,1,,1,1,0.0,0
S01518,ECE,3,6.83,,0,58.1,0,0,0.0,0
S00201,CSE,1,6.86,2.0,0,59.2,1,3,0.0,0
S01678,CSE,2,6.35,0.0,0,73.4,0,1,0.0,0
S01592,IT,2,7.39,0.0,3,24.9,1,0,0.0,0
S01363,CSE,2,8.07,0.0,0,72.9,3,2,1.0,1
S00523,MECH,2,6.44,2.0,2,59.2,1,4,0.0,0
S01427,ECE,3,8.71,,4,61.3,5,0,0.0,1
S02298,ECE,1,6.95,1.0,0,,3,2,1.0,1
S01024,IT,2,7.67,0.0,5,59.5,3,3,0.0,0
S01520,EEE,1,7.44,,6,70.3,3,1,0.0,0
S02042,MECH,1,7.8,0.0,0,,1,2,0.0,0
S00562,CIVIL,1,8.16,0.0,1,,1,4,0.0,0
S00705,MECH,2,7.35,2.0,1,20.1,1,4,0.0,0
S00817,CSE,2,7.4,2.0,0,,2,0,0.0,0
S01205,ECE,3,7.35,1.0,0,70.2,0,0,0.0,0
S00648,CSE,3,8.69,1.0,0,,1,1,1.0,1
S01714,MECH,2,7.42,0.0,2,50.4,0,4,0.0,0
S01777,MECH,1,6.41,0.0,2,61.1,0,0,0.0,0
S01257,IT,2,7.44,2.0,1,52.5,0,4,0.0,0
S00792,IT,2,8.21,0.0,0,66.6,0,4,1.0,0
S00194,ECE,1,7.2,0.0,6,69.6,0,1,0.0,0
S00509,ECE,2,6.44,1.0,0,,0,4,0.0,0
S02244,IT,1,7.79,1.0,0,56.8,1,1,0.0,0
S00068,IT,2,7.84,0.0,0,48.4,2,2,0.0,0
S00122,IT,2,,2.0,0,46.7,0,3,0.0,0
S00041,IT,3,5.78,0.0,2,,1,0,0.0,0
S02285,MECH,3,6.18,1.0,2,33.7,2,3,0.0,0
S02386,CSE,2,7.27,1.0,3,46.8,3,2,0.0,0
S00927,CIVIL,1,7.93,0.0,4,45.5,3,3,,0
S02071,CSE,2,8.15,0.0,3,85.8,3,4,0.0,0
S01650,IT,2,7.71,0.0,4,,0,0,0.0,0
S02258,IT,3,7.23,0.0,0,52.8,3,4,0.0,0
S02410,CSE,3,7.4,3.0,6,20.4,2,0,1.0,1
S01797,CSE,3,6.95,1.0,2,48.5,1,3,0.0,0
S00597,CSE,1,7.86,0.0,0,48.2,1,1,0.0,0
S01487,CSE,3,7.63,0.0,1,57.4,1,4,0.0,0
S01733,IT,1,5.29,1.0,3,19.2,3,3,0.0,0
S01394,CSE,2,7.39,1.0,0,32.4,4,4,1.0,1
S01193,EEE,1,6.67,0.0,0,,3,2,0.0,0
S02028,CSE,3,6.77,0.0,0,73.9,1,3,1.0,1
S02384,IT,3,6.84,0.0,0,37.6,1,0,0.0,0
S02188,ECE,2,6.12,4.0,6,52.8,1,0,1.0,1
S01449,IT,1,6.68,1.0,4,,1,1,0.0,0
S01627,EEE,2,6.36,1.0,1,18.7,0,1,0.0,0
S01693,EEE,1,7.33,,2,57.8,2,2,0.0,0
S00974,CSE,3,6.23,0.0,3,42.6,3,2,0.0,0
S01951,MECH,1,8.45,0.0,6,56.8,0,2,0.0,0
S00502,EEE,2,7.35,1.0,0,,3,4,0.0,0
S01501,IT,2,8.83,0.0,0,72.1,5,4,0.0,0
S01749,CSE,1,7.29,0.0,0,61.1,3,4,1.0,1
S01299,CSE,1,7.72,0.0,6,,2,1,0.0,0
S02291,IT,2,,0.0,0,70.5,1,0,0.0,0
S02365,MECH,3,6.83,,0,46.8,1,2,0.0,0
S01530,CSE,3,6.88,2.0,3,41.2,2,0,,0
S02425,CSE,3,7.2,0.0,4,40.2,1,0,1.0,1
S01831,ECE,1,7.51,0.0,0,80.3,1,0,0.0,0
S01186,IT,3,7.8,0.0,0,43.8,2,3,1.0,1
S01770,CSE,2,7.23,0.0,6,,1,0,1.0,1
S00564,CSE,1,7.18,,0,43.4,0,0,0.0,0
S00780,EEE,1,5.99,0.0,4,12.6,1,4,0.0,0
S00750,ECE,2,7.93,0.0,5,50.3,4,4,1.0,1
S00343,ECE,1,6.73,0.0,5,56.8,1,2,0.0,0
S01461,CSE,3,7.69,0.0,6,73.2,0,4,1.0,1
S02394,CSE,2,8.38,0.0,0,63.9,1,4,1.0,1
S01954,EEE,2,6.83,0.0,1,52.2,0,2,0.0,0
S00555,IT,2,7.21,0.0,2,36.9,3,2,0.0,0
S01255,CSE,2,6.77,2.0,5,36.6,2,4,1.0,0
S01691,ECE,1,6.89,0.0,4,36.2,1,1,0.0,0
S01726,EEE,3,7.59,1.0,1,42.8,0,1,0.0,0
S00779,CSE,3,7.12,1.0,5,62.5,1,1,1.0,1
S00070,ECE,1,7.36,1.0,3,69.4,3,4,0.0,0
S00173,CSE,2,7.4,0.0,6,46.9,1,0,1.0,1
S01043,ECE,3,6.17,1.0,0,54.8,1,4,,0
S02278,CSE,3,7.96,1.0,5,76.3,2,1,1.0,1
S02312,CSE,1,7.38,0.0,5,36.7,1,2,0.0,0
S01736,IT,2,7.29,0.0,0,40.8,2,2,0.0,0
S00080,CSE,2,6.59,2.0,0,50.0,1,4,1.0,1
S00438,CSE,1,7.7,1.0,4,70.1,2,0,1.0,1
S01133,CSE,3,8.24,0.0,0,71.6,3,3,1.0,1
S00647,ECE,1,6.39,3.0,0,8.9,0,2,0.0,0
S01422,CSE,2,7.26,3.0,0,36.3,1,4,0.0,0
S00374,ECE,1,7.01,1.0,1,52.9,2,3,0.0,0
S01871,CIVIL,2,6.52,0.0,0,60.2,0,3,0.0,0
S00016,EEE,2,7.32,1.0,0,,0,1,0.0,0
S01000,CSE,3,7.83,0.0,0,80.0,1,2,1.0,1
S00213,CSE,1,7.24,0.0,6,,0,3,1.0,1
S01380,CIVIL,2,7.63,2.0,0,70.5,1,3,0.0,0
S00704,ECE,2,7.34,1.0,0,49.2,1,2,0.0,0
S00737,ECE,1,8.27,0.0,3,34.7,1,0,0.0,0
S02271,CSE,2,9.12,0.0,5,94.9,2,3,1.0,1
S02393,CIVIL,1,8.42,1.0,6,78.2,1,3,1.0,1
S02471,CSE,2,7.82,1.0,0,53.3,2,0,0.0,0
S02243,EEE,3,8.97,2.0,0,77.6,1,1,0.0,0
S00218,CSE,1,7.52,3.0,0,54.8,2,3,0.0,0
S01891,EEE,2,7.23,2.0,5,,0,3,0.0,0
S01372,CSE,1,7.35,1.0,6,71.3,0,4,,0
S01292,CSE,2,7.46,1.0,5,61.0,1,1,0.0,0
S01308,ECE,3,7.35,1.0,2,56.9,0,4,0.0,0
S00094,IT,1,6.96,1.0,0,54.3,1,2,0.0,0
S01525,CIVIL,1,8.82,0.0,0,80.0,3,2,1.0,0
S01144,EEE,3,7.2,2.0,4,26.3,0,1,0.0,0
S00639,CSE,1,7.65,0.0,6,48.5,2,4,1.0,1
S01080,EEE,3,7.1,0.0,1,47.2,0,1,0.0,0
S00165,EEE,1,5.2,0.0,2,33.8,0,4,0.0,0
S01084,IT,2,6.27,0.0,4,72.1,0,1,0.0,0
S01402,CSE,1,7.02,2.0,2,,0,2,0.0,0
S01807,CSE,1,6.56,0.0,0,39.6,1,0,0.0,0
S00320,CIVIL,1,7.37,0.0,0,,0,1,0.0,0
S00074,EEE,2,7.36,0.0,5,,3,3,0.0,0
S02390,IT,2,7.74,,2,,2,0,0.0,0
S02165,CSE,2,7.29,1.0,2,,2,3,1.0,1
S00844,ECE,1,9.19,0.0,2,100.0,0,1,1.0,1
S01437,IT,2,6.85,2.0,4,33.5,3,4,0.0,0
S01212,EEE,2,9.13,0.0,0,84.3,2,2,0.0,0
S01114,CSE,2,6.46,0.0,6,27.3,0,4,0.0,0
S00592,EEE,1,7.52,1.0,1,83.4,0,2,1.0,1
S00387,CSE,2,6.81,1.0,0,31.8,2,0,0.0,0
S01902,EEE,3,6.78,1.0,5,76.4,0,2,0.0,0
S01734,CSE,1,6.83,0.0,0,61.7,0,3,0.0,0
S00847,CSE,1,7.22,0.0,6,46.1,1,1,1.0,1
S00918,CSE,2,7.2,0.0,0,,3,4,1.0,1
S00281,CSE,2,7.6,0.0,6,73.4,0,1,1.0,1
S02094,CSE,3,7.78,0.0,4,,1,4,1.0,0
S01558,MECH,2,8.22,0.0,2,65.1,2,1,1.0,1
S00206,EEE,3,7.87,0.0,6,,4,4,1.0,1
S01810,CIVIL,1,8.1,1.0,0,21.7,0,2,0.0,0
S01819,CSE,3,6.65,1.0,1,45.4,2,2,0.0,0
S00999,CSE,1,6.08,1.0,0,,3,1,,0
S00330,IT,2,7.76,2.0,3,41.5,3,1,0.0,0
S02350,MECH,1,6.75,0.0,0,75.3,0,1,0.0,0
S01059,MECH,1,6.74,0.0,0,37.4,1,4,0.0,0
S01067,IT,2,8.61,0.0,1,43.7,5,1,1.0,1
S01303,IT,2,9.48,0.0,2,48.3,3,3,0.0,0
S01009,CSE,1,7.87,1.0,1,40.4,1,1,0.0,0
S00217,ECE,2,6.84,,6,60.8,1,2,1.0,1
S02218,CSE,3,8.83,0.0,0,68.7,2,4,1.0,1
S00424,CIVIL,1,5.84,0.0,0,28.5,2,4,,0
S01286,IT,1,7.12,1.0,5,67.9,0,4,1.0,1
S00517,CSE,2,8.26,2.0,2,69.9,4,1,0.0,0
S00422,CIVIL,3,7.09,0.0,4,59.4,2,4,0.0,0
S00431,CSE,2,7.3,1.0,0,69.0,1,0,0.0,0
S02462,CSE,2,5.93,2.0,0,,2,0,0.0,0
S00264,EEE,2,6.84,1.0,3,42.1,0,0,0.0,0
S02376,CSE,2,,0.0,1,29.4,2,4,1.0,1
S02208,CIVIL,1,7.38,1.0,3,20.6,2,0,1.0,1
S01249,ECE,1,7.79,0.0,4,41.6,0,1,0.0,0
S00658,EEE,2,7.71,0.0,0,55.4,1,3,1.0,1
S01134,ECE,1,7.64,0.0,0,,0,1,0.0,0
S00576,IT,3,6.75,0.0,0,34.5,1,3,1.0,1
S02017,MECH,3,7.53,0.0,0,86.4,1,0,0.0,0
S02417,IT,3,9.37,0.0,5,74.2,4,1,1.0,1
S00674,ECE,3,6.61,0.0,6,25.4,1,0,0.0,0
S01987,IT,1,,0.0,1,89.1,1,2,1.0,1
S00408,IT,2,7.02,0.0,0,53.0,0,2,1.0,1
S00977,MECH,1,6.97,1.0,4,,3,3,0.0,0
S00880,CSE,3,8.92,3.0,4,74.5,1,4,1.0,1
S01662,CSE,1,7.5,1.0,2,,0,4,1.0,1
S01246,IT,2,8.0,1.0,6,64.3,2,4,0.0,0
S02167,CSE,2,8.49,0.0,2,,4,1,1.0,1
S00822,CSE,2,7.07,2.0,0,47.1,1,3,0.0,0
S00909,IT,2,7.18,1.0,4,63.0,0,1,0.0,0
S02171,CIVIL,3,7.32,0.0,5,57.2,1,4,0.0,0
S00156,ECE,1,7.65,2.0,1,58.9,0,3,0.0,0
S00791,CSE,3,7.49,0.0,0,84.4,0,3,0.0,0
S02275,CSE,1,5.8,1.0,0,55.2,2,4,0.0,0
S01879,CSE,1,7.9,1.0,0,51.0,3,2,0.0,0
S00729,CIVIL,2,6.57,2.0,5,33.9,1,0,,0
S00385,CSE,2,5.7,2.0,4,49.7,0,4,0.0,0
S01929,CSE,3,7.34,2.0,0,59.0,2,2,1.0,1
S02160,CSE,1,,2.0,0,53.7,2,1,1.0,1
S01122,CSE,3,6.83,,0,48.6,0,1,1.0,1
S02148,CSE,2,,,6,70.9,4,2,,1
S01226,CIVIL,2,6.89,1.0,6,68.7,1,1,0.0,1
S02256,IT,1,7.29,,0,,1,2,0.0,0
S02433,EEE,2,7.84,0.0,0,53.7,1,4,0.0,0
S01976,IT,2,7.29,0.0,2,60.9,2,4,0.0,0
S01872,CSE,2,6.68,0.0,6,46.7,1,3,0.0,0
S00603,CSE,2,9.58,0.0,2,76.8,2,2,1.0,1
S01056,IT,3,7.52,1.0,0,76.7,0,4,1.0,1
S00078,CSE,1,6.78,0.0,0,87.2,1,4,0.0,0
S00719,CSE,2,7.8,0.0,1,59.0,0,2,1.0,1
S01914,IT,2,6.72,1.0,2,52.6,0,2,0.0,0
S02021,IT,1,7.29,1.0,4,60.8,1,3,0.0,0
S02102,CSE,2,8.36,0.0,0,74.7,2,3,1.0,1
S02053,EEE,3,7.53,0.0,5,75.4,2,1,1.0,1
S00340,IT,2,7.8,2.0,0,47.6,2,1,0.0,0
S00478,CSE,2,8.09,0.0,0,38.1,1,4,1.0,1
S01588,MECH,2,6.8,1.0,6,42.7,0,0,0.0,0
S02426,CSE,1,,1.0,0,21.4,0,2,0.0,0
S01600,IT,1,6.77,1.0,4,85.1,2,1,0.0,0
S01980,IT,1,7.78,1.0,6,,4,4,1.0,1
S02168,CSE,3,7.9,0.0,0,63.7,0,2,0.0,0
S02058,CIVIL,1,6.99,0.0,0,50.4,3,4,0.0,0
S00660,CSE,1,7.63,0.0,2,67.0,3,3,1.0,1
S02183,CIVIL,1,7.99,1.0,0,40.7,0,3,0.0,0
S01838,CSE,3,5.69,2.0,6,26.3,1,3,0.0,0
S00962,CSE,3,7.91,0.0,3,45.3,3,2,1.0,1
S02187,MECH,2,7.19,0.0,0,33.7,0,2,0.0,0
S02414,ECE,1,6.78,0.0,5,56.2,1,3,1.0,1
S02254,ECE,2,6.81,1.0,2,83.6,2,1,0.0,0
S00669,IT,3,,0.0,5,47.0,2,4,1.0,1
S00293,IT,2,7.61,1.0,0,69.2,1,3,0.0,0
S00514,CSE,2,8.75,,1,85.1,2,0,1.0,1
S02001,CSE,2,6.08,2.0,0,28.3,2,1,,0
S01596,CSE,2,7.36,0.0,3,,1,4,0.0,0
S00938,CIVIL,2,6.39,0.0,0,42.5,0,3,0.0,0
S01640,CSE,1,,1.0,6,,2,4,0.0,0
S01453,CIVIL,1,6.95,0.0,6,67.0,1,0,0.0,0
S01472,CSE,2,7.11,1.0,3,,2,2,0.0,0
S01563,MECH,3,6.43,1.0,5,54.6,1,0,0.0,0
S02033,IT,1,6.7,1.0,2,,1,1,1.0,1
S02038,IT,3,6.13,,6,,1,4,1.0,1
S02113,ECE,1,7.35,0.0,0,54.1,3,3,0.0,0
S02318,ECE,1,9.8,2.0,4,73.8,1,0,0.0,0
S00021,CSE,2,6.34,1.0,3,42.9,0,1,0.0,0
S01877,EEE,1,7.74,2.0,1,46.5,2,0,0.0,0
S01927,CSE,2,6.96,0.0,6,62.4,0,1,1.0,0
S01573,CSE,3,7.32,2.0,2,61.8,1,1,0.0,0
S01315,MECH,3,8.07,1.0,0,72.6,1,4,0.0,0
S00549,ECE,2,7.31,0.0,0,,1,1,0.0,0
S01430,IT,2,8.09,1.0,0,,1,3,0.0,0
S00872,CIVIL,2,6.66,1.0,1,56.7,2,0,0.0,0
S00623,CSE,2,7.64,2.0,0,47.5,3,2,1.0,1
S01384,CSE,3,6.97,3.0,3,28.4,1,0,0.0,0
S02088,CSE,2,6.56,0.0,3,44.7,0,0,0.0,0
S00617,CSE,2,6.52,0.0,5,,0,2,,1
S01718,IT,1,6.7,0.0,2,54.6,2,4,1.0,1
S01899,MECH,3,6.74,0.0,3,,2,1,0.0,0
S01901,CSE,3,7.29,,0,65.7,3,3,1.0,1
S00861,CSE,2,8.07,0.0,2,67.9,2,2,1.0,1
S00706,IT,2,7.2,1.0,2,57.8,3,4,0.0,0
S02236,CSE,1,,0.0,0,49.7,0,3,0.0,0
S00848,MECH,3,8.15,0.0,3,50.3,5,3,0.0,0
S00118,CSE,1,,3.0,3,49.5,0,2,0.0,0
S01552,IT,2,8.44,0.0,0,69.7,4,3,0.0,0
S01948,ECE,2,,0.0,1,41.9,2,1,1.0,1
S01485,CSE,2,6.28,1.0,6,42.7,0,0,0.0,0
S00944,ECE,2,7.31,1.0,0,64.1,2,4,0.0,0
S01724,CSE,3,7.96,2.0,0,56.4,2,0,0.0,0
S00720,CSE,3,8.58,1.0,6,67.8,2,3,1.0,1
S00500,MECH,1,7.49,0.0,0,46.7,3,4,0.0,0
S00857,ECE,2,7.59,0.0,0,71.1,1,3,0.0,0
S01651,IT,2,7.39,3.0,4,53.3,1,2,0.0,0
S01097,EEE,2,8.51,0.0,0,,2,4,1.0,0
S01981,CSE,1,7.05,0.0,6,,1,0,1.0,1
S00885,IT,2,7.91,1.0,1,53.9,2,1,0.0,0
S01052,CSE,3,8.58,0.0,4,58.0,0,2,0.0,1
S02012,CSE,3,7.73,0.0,5,52.4,2,3,0.0,0
S00638,MECH,2,,0.0,4,63.3,0,2,1.0,0
S00002,CSE,2,6.36,0.0,0,44.4,2,1,1.0,1
S00919,CSE,2,7.36,2.0,0,,0,1,0.0,0
S01534,CSE,3,7.95,0.0,0,51.4,2,2,0.0,0
S01459,CIVIL,2,8.37,1.0,4,60.8,4,3,0.0,0
S02302,EEE,3,7.21,0.0,0,65.5,2,4,0.0,0
S00494,CSE,2,7.58,1.0,6,67.1,2,4,1.0,1
S01740,CSE,1,7.98,1.0,6,73.6,0,2,1.0,1
S00588,ECE,1,7.93,0.0,1,64.5,1,2,0.0,0
S01894,EEE,3,6.55,1.0,2,,1,2,0.0,0
S00460,ECE,2,8.76,0.0,6,70.4,1,1,0.0,0
S01285,MECH,3,7.36,1.0,2,,2,2,0.0,0
S01426,IT,2,7.8,0.0,0,52.8,1,2,0.0,0
S01196,CSE,2,7.19,1.0,4,42.4,1,2,1.0,1
S02089,IT,1,5.0,2.0,2,27.6,2,4,0.0,0
S00842,CSE,3,6.91,2.0,0,54.7,0,3,1.0,1
S01723,CSE,2,6.39,0.0,3,50.0,4,2,0.0,0
S00871,CSE,2,7.83,1.0,0,67.1,0,4,0.0,0
S01115,ECE,1,8.06,1.0,6,28.2,3,0,0.0,0
S02097,CSE,3,7.49,1.0,0,40.1,2,3,1.0,1
S00468,IT,1,6.49,1.0,0,51.9,3,1,0.0,0
S00110,CSE,2,8.33,0.0,0,75.9,1,2,0.0,0
S01407,CSE,2,6.79,,0,41.7,1,2,0.0,0
S01551,IT,2,6.73,1.0,1,27.0,3,3,0.0,0
S00569,CSE,3,7.14,1.0,0,54.3,1,1,0.0,0
S01892,IT,1,7.19,1.0,0,52.7,4,4,0.0,0
S01908,CSE,1,8.48,0.0,0,46.5,1,1,,0
S00246,ECE,2,7.51,0.0,3,65.7,1,3,1.0,1
S00546,CSE,1,7.02,0.0,0,67.7,2,1,0.0,0
S02415,IT,1,8.09,0.0,0,60.2,3,4,0.0,0
S00388,ECE,3,7.57,0.0,6,31.7,2,1,0.0,0
S00043,EEE,2,8.2,2.0,0,79.9,3,4,0.0,0
S01471,CSE,3,7.38,2.0,5,,1,4,0.0,0
S02126,CSE,3,7.14,1.0,0,68.4,1,0,0.0,0
S01668,IT,2,7.0,1.0,2,96.2,2,4,0.0,0
S00748,CSE,1,6.79,1.0,3,62.5,0,2,1.0,1
S01586,CSE,3,7.66,0.0,4,57.3,3,2,1.0,1
S01742,IT,3,8.31,,6,42.4,0,3,1.0,1
S02380,CSE,2,6.64,0.0,1,54.2,0,4,0.0,0
S01121,CSE,2,7.81,1.0,0,,0,1,,0
S00656,ECE,2,8.47,1.0,1,,4,2,1.0,1
S01546,ECE,2,6.83,1.0,0,,2,4,0.0,0
S00384,CIVIL,3,6.29,2.0,4,77.0,1,2,0.0,0
S02010,IT,1,7.68,1.0,5,,0,1,0.0,0
S01606,CSE,1,7.91,0.0,2,60.5,3,3,0.0,0
S00867,MECH,3,8.26,0.0,0,31.7,1,4,0.0,0
S02477,CSE,2,7.76,0.0,2,66.8,1,0,1.0,1
S01582,IT,1,7.89,0.0,0,55.8,3,2,0.0,0
S00633,ECE,1,8.2,,2,,4,0,0.0,0
S00508,CIVIL,2,7.37,0.0,6,54.4,3,4,0.0,1
S00503,CSE,1,7.22,1.0,5,52.6,2,2,0.0,0
S00476,MECH,2,7.76,0.0,0,68.9,2,3,0.0,0
S02255,IT,1,6.87,0.0,0,54.0,0,0,0.0,0
S02428,IT,1,7.82,,1,68.7,0,4,0.0,0
S00421,ECE,3,6.41,2.0,1,43.7,1,3,0.0,0
S01919,CSE,3,5.0,6.0,0,33.4,0,3,0.0,0
S01440,CSE,1,8.44,1.0,0,68.9,2,3,0.0,0
S01817,IT,2,6.9,,5,,0,1,0.0,0
S00793,IT,2,9.05,0.0,0,94.2,9,2,1.0,1
S00806,CSE,2,6.52,0.0,1,43.4,1,3,0.0,0
S01798,EEE,2,7.52,1.0,0,61.2,0,0,0.0,0
S01452,CIVIL,1,7.97,,0,60.0,3,4,0.0,0
S00280,CSE,1,6.18,0.0,3,39.1,0,2,0.0,0
S01887,ECE,2,7.12,,2,,1,0,0.0,0
S00856,IT,1,8.0,1.0,1,50.2,4,0,0.0,0
S00089,CIVIL,3,6.93,1.0,0,55.2,0,4,1.0,1
S00017,MECH,1,6.39,4.0,0,,0,3,0.0,0
S00537,CSE,1,8.2,,0,46.5,3,0,1.0,1
S01598,CSE,1,6.7,1.0,0,40.6,3,1,0.0,0
S02144,CSE,2,8.57,0.0,5,65.1,2,3,1.0,1
S01713,CSE,3,6.25,1.0,4,42.5,1,3,0.0,0
S02237,IT,1,8.28,0.0,3,64.1,2,0,0.0,0
S01353,CSE,1,8.27,,0,78.1,0,4,0.0,0
S02184,IT,1,8.13,0.0,0,46.3,2,0,0.0,0
S01376,EEE,2,7.4,2.0,0,50.1,0,1,0.0,0
S02446,IT,3,8.48,1.0,5,,3,2,1.0,1
S01689,MECH,2,7.69,0.0,0,95.5,3,0,0.0,0
S01370,CSE,1,6.5,2.0,0,,1,3,,0
S00337,CSE,1,7.86,0.0,2,55.6,1,2,1.0,0
S01270,CSE,1,7.62,0.0,2,79.1,4,1,0.0,0
S01320,CSE,3,7.79,2.0,0,,0,3,0.0,0
S01911,CSE,2,7.37,0.0,0,,2,2,0.0,0
S00678,EEE,1,6.11,3.0,0,20.1,1,2,0.0,0
S00931,CIVIL,2,7.09,1.0,6,52.4,1,1,0.0,0
S01498,CSE,3,6.7,,0,66.4,0,4,0.0,0
S01336,EEE,2,8.33,2.0,0,,2,0,0.0,0
S01696,CSE,3,8.51,0.0,1,61.0,2,1,1.0,1
S00745,CSE,1,6.11,2.0,1,34.7,3,1,0.0,0
S00073,EEE,3,6.36,0.0,0,28.2,2,0,0.0,0
S00336,CSE,1,,0.0,3,53.0,1,4,1.0,1
S00346,CSE,2,8.58,0.0,5,76.4,3,2,1.0,1
S00814,MECH,1,6.17,0.0,3,53.3,0,3,0.0,0
S00403,IT,3,8.72,0.0,0,,2,0,1.0,1
S00397,CSE,2,5.92,1.0,5,,1,4,1.0,1
S00168,EEE,2,6.13,2.0,0,32.4,1,3,0.0,0
S00198,EEE,2,6.77,2.0,2,35.7,0,4,0.0,0
S00573,EEE,2,7.26,0.0,6,,2,4,0.0,0
S02066,CSE,1,7.63,0.0,0,62.2,1,4,0.0,0
S00732,ECE,1,7.82,,3,58.0,2,0,0.0,0
S01424,CSE,1,9.29,1.0,0,55.9,2,0,0.0,0
S02276,CSE,1,7.89,0.0,4,59.3,1,2,1.0,1
S02124,CSE,3,,,6,46.6,2,1,1.0,1
S02098,CSE,1,7.25,0.0,4,44.1,1,0,0.0,0
S01040,IT,2,6.26,1.0,0,45.8,2,2,0.0,0
S01495,IT,1,6.43,0.0,0,,1,3,0.0,0
S01549,CSE,3,7.07,0.0,0,66.1,4,2,0.0,0
S00789,CSE,2,6.75,0.0,1,72.5,1,1,0.0,0
S01053,CSE,1,8.21,0.0,3,53.1,3,3,1.0,1
S00925,CSE,1,7.35,0.0,5,37.7,1,4,0.0,0
S01311,CSE,2,7.07,0.0,0,32.8,1,3,0.0,0
S00441,MECH,1,6.46,2.0,0,,1,0,0.0,0
S01572,IT,2,7.28,2.0,1,65.7,0,2,0.0,0
S01575,CSE,3,6.4,1.0,0,59.0,1,4,0.0,0
S00373,CSE,2,7.68,1.0,3,,4,2,0.0,1
S00117,IT,3,7.75,0.0,1,52.3,2,3,0.0,0
S00585,IT,2,7.34,0.0,0,65.6,1,3,1.0,1
S00512,IT,1,6.78,0.0,6,54.2,2,0,1.0,1
S00240,EEE,1,7.11,1.0,4,73.8,1,1,,0
S00572,CSE,2,7.05,1.0,0,32.3,3,4,0.0,0
S02375,CSE,2,7.36,1.0,5,30.0,0,4,0.0,0
S01227,CIVIL,3,6.93,,3,35.4,1,0,0.0,0
S00123,IT,3,6.44,0.0,0,,3,0,1.0,1
S01880,IT,1,7.19,1.0,0,48.2,0,1,0.0,0
S02321,CSE,1,7.43,1.0,0,55.3,0,2,0.0,0
S00894,CSE,2,8.14,,1,72.7,2,0,1.0,1
S00342,CSE,2,7.78,0.0,1,50.7,1,4,0.0,0
S01091,CSE,2,5.96,0.0,2,,0,0,0.0,0
S01031,EEE,1,7.12,0.0,0,37.0,1,4,0.0,0
S00982,IT,2,9.24,1.0,0,42.6,1,1,0.0,0
S02073,CSE,3,8.05,0.0,6,92.6,0,0,1.0,1
S02331,IT,1,7.23,1.0,3,40.4,2,4,1.0,1
S00184,IT,1,7.17,1.0,3,46.7,2,3,1.0,0
S00930,IT,3,7.98,0.0,5,52.1,1,0,0.0,0
S02434,CSE,1,7.9,0.0,0,61.5,0,2,0.0,0
S00810,CSE,1,7.92,1.0,0,70.0,1,3,0.0,0
S02303,CSE,3,7.17,1.0,0,55.3,4,4,0.0,0
S01717,CSE,1,9.22,0.0,0,92.8,1,3,1.0,1
S01544,IT,1,6.5,0.0,0,61.5,3,1,0.0,0
S00005,CSE,2,6.94,0.0,2,67.5,1,1,0.0,0
S00124,IT,1,7.29,0.0,0,74.0,3,1,0.0,0
S01699,IT,2,6.71,1.0,3,59.0,2,2,1.0,1
S02392,CSE,1,9.02,0.0,0,77.8,2,3,1.0,1
S01643,MECH,1,8.81,1.0,5,68.4,1,3,1.0,1
S02395,CSE,3,7.51,0.0,6,,0,3,1.0,1
S00521,ECE,3,6.49,0.0,1,26.5,1,2,,0
S00640,CSE,3,7.36,3.0,0,47.2,1,3,0.0,0
S01738,CSE,1,5.99,,5,38.3,0,3,0.0,0
S00297,IT,3,8.67,0.0,1,89.8,4,0,1.0,1
S00662,IT,1,,1.0,1,68.4,2,4,1.0,1
S02070,ECE,2,7.59,0.0,0,,4,0,0.0,0
S00795,CIVIL,3,7.93,,4,60.4,1,1,0.0,0
S01017,ECE,2,7.74,2.0,0,49.8,3,4,0.0,0
S02005,IT,2,7.49,0.0,0,44.1,0,3,0.0,0
S01542,IT,1,5.59,1.0,0,32.9,0,3,1.0,0
S01044,CSE,2,7.67,,3,85.7,2,0,0.0,0
S02061,EEE,1,5.67,0.0,6,21.3,2,3,1.0,1
S02020,IT,1,8.07,0.0,0,,2,3,0.0,0
S00414,ECE,1,5.12,0.0,0,42.6,0,3,0.0,1
S01931,ECE,2,7.76,0.0,5,52.0,3,0,0.0,0
S01889,CSE,2,8.6,0.0,5,80.5,1,4,0.0,1
S00551,ECE,1,6.81,0.0,0,36.7,4,2,0.0,1
S01735,IT,2,7.8,0.0,0,42.3,0,2,,0
S01529,CSE,2,7.83,0.0,6,48.4,2,3,0.0,0
S01684,CSE,2,5.98,1.0,0,62.0,0,2,0.0,0
S01532,CSE,3,6.69,0.0,4,32.7,2,4,1.0,1
S01707,CSE,2,6.79,,2,47.2,0,3,1.0,1
S00227,CSE,2,6.46,1.0,0,54.4,2,4,0.0,0
S01438,CSE,3,8.14,0.0,4,45.2,2,3,0.0,0
S01720,CSE,1,6.42,0.0,3,34.5,3,1,1.0,1
S00333,MECH,3,7.48,0.0,0,44.4,0,3,1.0,1
S02480,CSE,1,7.66,0.0,0,,2,4,0.0,0
S01763,CSE,2,5.39,0.0,3,47.5,5,2,0.0,0
S01428,CSE,1,6.84,1.0,6,36.4,1,1,0.0,0
S00164,ECE,3,7.08,2.0,1,,4,2,0.0,0
S01710,CSE,2,6.68,1.0,6,51.1,0,2,0.0,0
S01492,ECE,1,6.55,0.0,2,47.4,1,0,0.0,0
S00270,CSE,3,8.63,1.0,5,,1,4,1.0,1
S01154,CSE,2,7.79,1.0,0,46.0,0,0,0.0,0
S01178,CSE,3,7.23,,5,70.8,2,4,0.0,0
S01088,CIVIL,2,6.54,1.0,0,29.7,0,1,0.0,0
S02000,CSE,1,,0.0,0,69.7,1,4,1.0,1
S01445,CSE,3,5.72,2.0,5,37.3,1,2,0.0,0
S02096,IT,3,7.81,1.0,6,,1,4,1.0,1
S00777,CSE,2,7.21,0.0,0,,1,1,0.0,0
S00907,CSE,1,,0.0,0,57.6,2,0,1.0,1
S00134,MECH,3,6.45,0.0,3,21.7,0,1,0.0,0
S01611,IT,2,6.86,1.0,0,69.7,1,2,0.0,0
S00510,ECE,3,,0.0,0,,1,0,0.0,0
S00986,CSE,1,8.07,2.0,0,,1,3,0.0,0
S00418,CSE,3,5.88,1.0,6,52.2,0,1,0.0,0
S00358,CSE,3,7.15,0.0,5,42.2,3,4,0.0,0
S00614,CSE,1,7.91,1.0,0,56.7,6,2,0.0,0
S00843,CSE,1,7.83,1.0,3,68.8,2,4,1.0,1
S00697,IT,3,6.45,2.0,2,56.1,0,1,1.0,1
S00035,CSE,1,8.05,1.0,3,57.8,0,4,0.0,0
S00630,EEE,3,8.66,1.0,0,,3,4,0.0,0
S00004,CSE,1,8.21,0.0,2,67.2,4,2,1.0,0
S01185,IT,3,7.88,1.0,1,55.3,1,3,0.0,0
S00226,CIVIL,3,6.36,,1,78.9,1,3,0.0,0
S00232,IT,2,7.24,0.0,5,62.0,3,1,0.0,0
S00429,CSE,1,8.19,0.0,0,,5,3,0.0,1
S00776,CSE,1,6.98,0.0,0,,2,0,0.0,0
S00407,ECE,1,7.6,1.0,1,74.7,2,0,0.0,0
S00220,IT,1,8.08,1.0,0,47.4,2,1,0.0,0
S02281,MECH,1,7.42,1.0,4,51.3,1,4,0.0,0
S00471,MECH,2,8.28,3.0,0,76.7,1,3,0.0,0
S01884,CSE,2,6.23,0.0,4,23.1,3,2,0.0,0
S01728,CSE,2,6.8,,0,46.1,4,3,0.0,0
S00768,IT,2,8.29,0.0,0,92.1,3,3,0.0,0
S01548,CSE,1,,0.0,0,90.7,1,0,1.0,1
S01924,ECE,1,6.71,1.0,0,39.4,1,4,0.0,0
S01597,EEE,2,8.06,,0,39.2,2,4,0.0,0
S00475,MECH,3,8.5,0.0,0,75.1,1,3,1.0,1
S01521,CIVIL,3,7.7,0.0,0,,1,3,,0
S02406,IT,3,,0.0,3,89.9,1,1,1.0,1
S02007,CSE,2,5.79,5.0,6,42.3,1,4,0.0,0
S02220,ECE,2,6.39,0.0,3,77.4,0,1,0.0,0
S01201,MECH,3,8.99,0.0,0,86.2,1,3,0.0,0
S01921,EEE,1,,0.0,4,82.8,3,3,1.0,1
S01847,MECH,1,6.77,,4,,4,0,0.0,0
S00739,MECH,2,6.4,1.0,1,53.4,3,3,0.0,0
S01126,CSE,2,7.22,1.0,4,41.2,2,3,0.0,0
S01342,EEE,3,7.23,0.0,1,56.8,1,3,1.0,1
S00691,EEE,1,8.53,1.0,3,65.3,5,2,0.0,0
S01680,MECH,1,7.41,1.0,0,68.3,0,0,1.0,1
S00609,ECE,1,7.54,2.0,0,78.3,0,4,0.0,0
S01922,EEE,1,7.65,2.0,4,48.1,1,1,0.0,0
S01893,MECH,3,6.4,0.0,0,17.4,2,2,0.0,0
S00277,ECE,3,7.99,0.0,3,,1,4,0.0,0
S00299,IT,3,6.88,1.0,0,45.0,0,1,0.0,0
S01089,IT,3,7.91,1.0,0,71.7,4,2,1.0,1
S00434,CSE,2,6.65,0.0,0,50.0,1,3,0.0,0
S01321,CSE,2,6.82,0.0,5,,3,2,0.0,0
S01047,CSE,2,7.1,,3,,2,0,0.0,0
S02251,CSE,1,7.02,,0,36.1,1,1,0.0,0
S02437,CSE,3,6.6,,0,34.5,1,1,0.0,0
S02100,EEE,2,7.61,1.0,0,69.5,0,4,1.0,0
S01823,CSE,3,7.93,0.0,4,72.9,1,3,0.0,0
S01607,CIVIL,1,8.68,0.0,5,,1,2,1.0,1
S01101,IT,1,8.61,0.0,5,65.0,1,3,0.0,0
S00852,IT,3,7.78,1.0,1,,3,0,1.0,1
S01700,CSE,1,7.84,,1,55.2,3,4,1.0,1
S00176,IT,2,6.09,1.0,0,92.6,1,0,0.0,0
S01881,ECE,2,8.21,0.0,4,,1,1,0.0,0
S00138,ECE,2,7.46,2.0,3,59.9,0,2,0.0,0
S01028,IT,3,7.49,0.0,4,,2,3,1.0,1
S00285,CIVIL,3,8.06,,5,68.0,2,2,0.0,0
S01745,CSE,2,6.52,1.0,1,,2,1,0.0,0
S01584,CSE,2,7.12,0.0,2,49.8,2,1,1.0,1
S00990,EEE,2,7.09,1.0,0,49.7,4,2,0.0,0
S02263,EEE,1,7.43,1.0,4,53.8,1,2,0.0,0
S00624,MECH,3,7.55,0.0,4,41.6,2,3,0.0,0
S00314,EEE,1,6.56,1.0,0,36.2,0,1,1.0,0
S00335,CSE,1,7.61,0.0,6,26.2,3,4,1.0,1
S00056,CSE,1,7.44,1.0,5,58.7,0,3,0.0,0
S00303,EEE,2,7.54,2.0,3,,0,2,1.0,1
S00301,CSE,1,6.93,0.0,3,36.4,5,4,0.0,0
S02206,IT,3,6.22,1.0,4,47.9,1,4,0.0,0
S01337,EEE,1,7.29,0.0,4,59.4,1,1,1.0,0
S01978,CSE,1,6.18,1.0,2,,0,0,0.0,0
S01319,CSE,2,5.84,,0,33.9,1,4,0.0,0
S01477,CSE,3,7.42,,5,,0,4,0.0,0
S00348,CSE,3,9.42,0.0,0,,4,0,1.0,1
S00538,CSE,2,9.09,1.0,4,80.8,4,4,1.0,1
S01081,CSE,2,7.22,1.0,4,46.5,3,3,1.0,1
S00378,ECE,1,7.31,0.0,0,,2,3,1.0,1
S00896,IT,1,7.11,3.0,3,59.9,1,3,0.0,0
S01344,CSE,2,7.58,2.0,0,43.3,0,0,0.0,0
S01006,IT,2,7.98,0.0,0,68.6,2,3,0.0,0
S01169,CSE,3,7.74,2.0,0,86.5,0,3,0.0,0
S01298,CSE,1,6.74,0.0,0,53.3,0,4,0.0,0
S02025,EEE,2,7.33,1.0,0,70.1,1,3,0.0,0
S00543,EEE,2,7.37,2.0,0,,1,0,0.0,0
S00266,EEE,2,8.62,0.0,0,,4,4,0.0,0
S00837,CSE,1,5.81,1.0,0,42.2,4,0,0.0,0
S01769,CSE,1,7.76,1.0,0,65.5,3,3,1.0,1
S02158,EEE,3,6.15,1.0,0,38.4,1,4,0.0,0
S01993,CSE,1,7.19,0.0,0,63.5,2,2,0.0,0
S00735,CSE,1,7.21,0.0,3,,0,2,0.0,0
S01214,IT,2,8.13,0.0,2,47.9,1,3,0.0,0
S02427,CSE,1,6.91,0.0,2,82.1,3,3,0.0,0
S00664,CSE,2,6.95,0.0,6,,2,2,0.0,0
S02239,IT,1,6.43,3.0,5,54.8,0,3,0.0,0
S01135,IT,3,7.31,0.0,4,54.0,1,1,0.0,0
S02240,CSE,1,,0.0,2,,1,0,1.0,1
S01393,EEE,2,7.27,1.0,6,63.4,0,0,0.0,0
S00807,EEE,1,8.85,1.0,0,66.0,1,0,1.0,1
S00139,CSE,3,5.78,0.0,0,36.4,1,2,0.0,0
S01396,MECH,1,7.02,1.0,0,60.1,2,2,0.0,0
S00401,CSE,3,5.94,2.0,3,39.4,1,3,0.0,0
S02470,ECE,3,8.55,0.0,4,71.1,0,1,1.0,1
S02120,CSE,3,6.52,0.0,0,46.3,1,4,0.0,0
S02211,IT,1,6.56,3.0,3,,1,0,0.0,0
S00060,CSE,3,7.38,,0,65.8,0,2,1.0,1
S01296,CSE,1,,0.0,0,69.2,2,3,1.0,1
S02170,IT,3,8.16,0.0,6,48.3,2,0,1.0,1
S00738,ECE,3,5.88,,0,,2,2,0.0,0
S01731,IT,2,6.02,2.0,0,29.0,0,3,0.0,0
S01741,IT,1,7.0,3.0,2,29.5,1,3,0.0,0
S01904,CSE,1,8.05,,0,57.3,2,3,1.0,1
S00022,CSE,2,7.4,1.0,4,62.6,2,1,0.0,0
S00904,CSE,2,7.29,1.0,0,,1,2,,0
S01903,CSE,2,7.12,1.0,0,65.0,1,2,0.0,0
S01339,CSE,2,8.28,2.0,5,76.2,5,4,0.0,0
S00153,EEE,2,7.19,0.0,4,71.6,2,2,1.0,0
S00903,IT,3,5.99,2.0,4,,2,2,0.0,0
S00743,MECH,2,6.42,0.0,0,54.0,5,0,0.0,0
S02463,ECE,3,7.14,1.0,5,55.5,1,0,1.0,0
S02429,ECE,2,7.95,0.0,5,,0,1,0.0,0
S00148,IT,3,6.52,0.0,0,47.8,0,4,0.0,0
S02479,CSE,2,,0.0,0,,4,0,0.0,0
S01455,CSE,2,8.39,0.0,0,,1,2,0.0,1
S01703,CSE,2,7.58,1.0,0,74.0,0,1,0.0,0
S02387,CSE,1,7.7,2.0,0,55.0,1,0,1.0,1
S00908,CIVIL,3,7.6,1.0,6,62.4,2,1,0.0,0
S02266,CSE,3,7.51,2.0,0,44.3,3,2,1.0,1
S01941,CSE,2,6.83,0.0,3,41.0,0,0,0.0,0
S00496,IT,3,6.19,1.0,4,46.4,2,2,0.0,0
S01155,CSE,2,6.55,2.0,0,57.1,2,3,0.0,0
S00212,CIVIL,1,7.17,0.0,4,45.8,1,3,0.0,0
S00708,EEE,3,7.53,1.0,4,29.3,1,2,0.0,0
S00726,IT,3,,0.0,5,34.8,0,2,1.0,1
S00052,ECE,2,7.54,1.0,1,77.6,4,1,0.0,0
S02467,CIVIL,2,7.38,1.0,4,63.4,0,2,0.0,0
S00834,CIVIL,3,7.18,0.0,0,66.4,3,4,1.0,1
S02352,CSE,3,5.96,1.0,1,61.1,3,2,1.0,1
S01379,CSE,1,7.77,0.0,0,47.0,2,0,0.0,0
S00709,EEE,1,7.42,2.0,0,,4,4,0.0,0
S01199,IT,3,5.0,2.0,4,,0,1,0.0,0
S01543,CSE,1,7.58,1.0,5,48.4,1,1,0.0,0
S02313,IT,1,5.0,1.0,0,,1,1,0.0,0
S00179,MECH,2,7.98,2.0,0,61.1,1,4,0.0,0
S02117,EEE,2,8.13,0.0,5,70.7,1,3,1.0,1
S02486,CSE,2,7.38,0.0,0,40.4,1,0,0.0,0
S01760,ECE,1,7.57,,0,78.6,2,4,1.0,1
S02090,MECH,1,7.79,0.0,3,89.9,6,0,0.0,0
S00854,CSE,3,6.52,0.0,0,37.5,0,4,0.0,0
S00773,EEE,1,7.61,1.0,0,60.7,1,4,0.0,0
S00889,CSE,3,8.67,0.0,5,61.1,3,3,,1
S02346,IT,2,7.0,2.0,5,43.5,4,4,0.0,0
S01272,IT,2,7.01,1.0,1,52.5,2,3,0.0,0
S01003,ECE,3,7.04,1.0,0,81.2,4,0,0.0,0
S01190,EEE,2,6.76,1.0,0,60.3,3,1,0.0,0
S01837,CSE,3,6.76,2.0,3,47.0,3,1,0.0,0
S00235,IT,1,7.29,0.0,1,71.4,0,4,1.0,1
S02342,CIVIL,3,6.95,0.0,4,68.0,2,1,0.0,0
S00942,IT,1,8.55,1.0,0,,1,3,0.0,0
S00818,CSE,2,8.01,2.0,4,34.5,4,1,0.0,0
S00304,IT,3,8.29,,4,59.9,2,1,1.0,1
S02374,CSE,1,7.49,1.0,0,75.2,0,3,0.0,0
S02488,EEE,2,,0.0,3,,0,3,0.0,0
S00883,IT,1,6.11,2.0,4,51.4,0,1,1.0,1
S01967,CSE,3,7.41,0.0,4,36.1,3,1,1.0,1
S01166,CIVIL,1,7.48,1.0,3,78.0,2,3,1.0,0
S00520,IT,1,7.34,2.0,0,,3,0,0.0,0
S00703,CSE,3,7.14,2.0,5,,1,1,0.0,0
S01845,CSE,3,8.31,0.0,0,83.8,3,1,0.0,0
S02381,CIVIL,2,7.03,1.0,0,54.3,3,0,0.0,0
S02122,CSE,3,8.96,0.0,3,99.5,4,3,1.0,1
S00670,IT,2,6.81,0.0,4,47.6,4,0,1.0,1
S01389,ECE,2,7.31,0.0,2,56.9,1,0,1.0,1
S01061,CSE,1,,0.0,3,,3,4,,0
S00244,ECE,1,,1.0,0,70.3,0,3,1.0,1
S02273,CSE,2,7.71,0.0,1,36.0,1,2,0.0,0
S02325,CSE,1,6.6,,0,49.8,0,3,0.0,0
S00511,CSE,1,6.9,1.0,0,,0,1,,1
S00486,CSE,2,7.85,0.0,0,69.4,0,2,1.0,1
S00386,CSE,2,7.86,0.0,0,77.2,1,4,0.0,0
S01173,CIVIL,3,,,0,38.2,0,3,0.0,0
S01912,CSE,1,8.27,0.0,2,50.5,3,4,0.0,0
S02379,CSE,2,,0.0,4,49.1,2,0,0.0,0
S02104,CSE,2,7.06,0.0,5,51.0,1,1,0.0,0
S00641,CSE,2,6.19,1.0,4,43.8,2,2,0.0,0
S00767,CSE,3,7.72,1.0,0,,1,3,0.0,0
S02162,CSE,2,7.91,0.0,1,48.9,1,4,0.0,0
S02062,MECH,2,7.48,1.0,1,,3,3,1.0,1
S00457,MECH,2,6.38,0.0,3,35.1,3,0,1.0,0
S00862,CSE,1,5.36,1.0,1,25.7,0,2,1.0,0
S02136,IT,2,7.97,,1,45.9,0,1,0.0,1
S02288,EEE,1,7.46,0.0,5,,2,1,0.0,0
S00174,CSE,3,6.8,0.0,5,57.6,3,0,0.0,0
S00451,EEE,3,,0.0,2,51.8,3,0,0.0,0
S02338,CSE,2,8.86,0.0,0,,2,2,1.0,1
S01143,CSE,1,6.21,1.0,0,,1,4,0.0,0
S00361,CSE,1,6.28,2.0,0,44.8,0,1,0.0,0
S02157,CSE,2,6.41,0.0,6,39.1,1,2,0.0,0
S01439,IT,1,6.39,0.0,0,52.9,1,3,0.0,0
S01164,CSE,2,5.28,3.0,0,15.3,2,0,0.0,0
S02091,IT,2,7.41,0.0,6,41.5,1,1,0.0,0
S00928,EEE,2,6.23,0.0,5,41.6,2,4,0.0,0
S00996,CSE,2,7.77,0.0,2,60.0,1,2,,1
S01054,EEE,2,5.0,1.0,0,48.7,1,3,0.0,0
S02447,CIVIL,2,7.3,0.0,3,73.5,2,2,0.0,0
S01636,ECE,1,7.46,0.0,0,51.3,2,3,0.0,0
S02277,EEE,1,6.74,2.0,0,42.9,0,2,0.0,0
S02349,CSE,2,7.56,1.0,0,29.5,0,0,0.0,0
S02223,IT,2,6.24,2.0,5,35.5,3,2,0.0,0
S00215,CSE,2,8.66,1.0,0,56.6,1,2,1.0,1
S01494,ECE,2,6.79,1.0,0,33.8,1,2,0.0,0
S02173,CSE,3,7.2,0.0,2,53.4,0,4,0.0,0
S02408,IT,1,5.11,0.0,0,,2,2,0.0,0
S00740,EEE,2,7.74,0.0,2,69.8,2,2,0.0,0
S01601,CSE,2,6.81,2.0,0,,0,3,1.0,1
S01417,CSE,1,7.91,0.0,0,75.7,0,1,0.0,0
S00560,IT,2,5.18,2.0,6,,1,3,0.0,0
S00084,IT,2,,4.0,0,61.2,0,3,0.0,0
S01647,IT,1,6.73,1.0,0,,1,4,0.0,0
S01943,IT,3,6.64,,5,40.2,2,2,,0
S01561,CSE,1,6.89,2.0,2,,0,3,0.0,0
S01316,ECE,3,8.08,0.0,4,93.1,3,2,1.0,1
S01153,CSE,2,6.97,2.0,1,41.4,0,3,0.0,0
S00971,CSE,1,5.43,1.0,3,26.3,0,3,0.0,0
S02317,IT,1,7.06,1.0,3,57.0,0,3,0.0,0
S00249,CSE,1,7.58,2.0,0,44.7,1,2,0.0,0
S01842,EEE,2,7.55,1.0,4,62.7,1,0,0.0,0
S01622,CIVIL,3,9.02,1.0,0,75.0,3,0,0.0,0
S01374,ECE,1,,1.0,3,35.0,2,1,0.0,0
S00289,CSE,1,7.42,0.0,1,,8,2,0.0,0
S01411,ECE,2,6.31,,4,82.1,1,3,0.0,0
S02009,CSE,2,6.76,0.0,0,37.3,1,2,1.0,1
S01755,MECH,1,7.49,0.0,0,36.5,0,2,0.0,0
S00984,MECH,2,,0.0,0,53.7,4,1,0.0,0
S01541,CSE,1,7.2,1.0,2,,0,4,1.0,1
S01860,ECE,1,7.28,0.0,0,,3,1,0.0,0
S00180,ECE,1,6.94,1.0,0,67.3,2,4,0.0,0
S01441,EEE,1,7.52,0.0,0,71.9,0,0,0.0,1
S01849,CSE,3,6.98,0.0,0,43.5,0,2,1.0,1
S01737,EEE,3,7.55,1.0,1,54.7,2,2,0.0,0
S02343,CSE,2,6.35,1.0,0,27.5,2,3,0.0,0
S01058,ECE,3,7.62,1.0,0,68.8,1,3,0.0,0
S00961,EEE,3,,,0,68.8,3,2,0.0,0
S01661,CSE,2,9.34,0.0,1,75.6,1,0,1.0,1
S00651,CSE,2,8.03,1.0,1,52.7,0,1,1.0,1
S01078,CSE,2,6.68,2.0,5,9.3,2,2,0.0,0
S02060,CSE,1,8.69,0.0,3,56.3,1,0,,0
S01020,IT,3,7.07,1.0,6,44.7,0,3,0.0,0
S02327,CSE,2,6.52,1.0,0,,1,0,0.0,0
S00344,IT,1,,0.0,4,53.8,1,3,0.0,0
S01244,CSE,1,6.67,1.0,0,49.1,0,2,0.0,0
S01213,ECE,1,7.28,1.0,4,,0,0,1.0,1
S01509,EEE,1,7.93,1.0,0,74.2,2,0,0.0,0
S00483,IT,2,6.91,1.0,0,71.2,2,0,0.0,0
S01232,CSE,2,6.93,1.0,0,77.0,0,4,0.0,0
S01915,IT,1,7.69,0.0,3,65.7,3,4,0.0,0
S00312,CSE,2,7.4,0.0,2,,4,1,1.0,1
S01450,CSE,2,8.21,0.0,0,63.4,0,2,0.0,0
S00932,CIVIL,3,5.59,0.0,0,25.9,2,1,0.0,0
S02034,EEE,2,7.06,0.0,0,,2,0,0.0,0
S01694,IT,3,7.6,0.0,0,,1,0,0.0,0
S02396,IT,3,8.15,1.0,4,56.1,2,3,0.0,0
S01333,EEE,3,8.39,0.0,0,,1,0,0.0,0
S00710,ECE,2,7.56,1.0,4,56.4,1,2,0.0,0
S00115,CSE,2,9.19,2.0,0,83.0,3,1,1.0,1
S01362,EEE,2,7.97,2.0,0,,1,0,0.0,0
S00914,MECH,1,6.54,2.0,0,57.0,2,2,1.0,1
S01203,EEE,2,7.54,1.0,0,63.9,3,3,0.0,0
S00267,IT,1,7.96,0.0,5,68.2,0,2,1.0,1
S00635,ECE,2,8.67,0.0,0,77.5,1,4,1.0,0
S00329,IT,2,7.97,0.0,6,57.6,3,4,1.0,1
S00495,IT,2,7.87,1.0,2,,4,3,1.0,0
S00878,CSE,2,8.18,2.0,5,50.1,3,3,0.0,0
S01070,IT,1,6.23,1.0,3,25.9,0,4,0.0,0
S02149,ECE,2,8.26,0.0,6,79.1,1,0,0.0,0
S00202,IT,2,7.44,,0,38.8,1,3,0.0,0
S01503,IT,1,6.77,1.0,6,37.0,0,4,,1
S02195,CSE,2,7.74,2.0,5,,2,4,1.0,1
S01131,EEE,2,8.12,1.0,3,57.7,0,3,1.0,1
S01256,MECH,2,7.41,2.0,1,68.1,1,4,0.0,0
S01188,MECH,2,7.69,1.0,6,70.8,0,4,1.0,1
S00593,CSE,2,7.59,0.0,6,54.5,3,3,1.0,1
S00680,IT,3,5.84,1.0,0,,0,1,0.0,0
S00137,CIVIL,1,,2.0,0,,2,4,0.0,0
S02297,IT,2,8.15,2.0,0,47.1,2,1,,0
S01096,MECH,1,6.25,0.0,0,,2,1,0.0,0
S00379,IT,1,9.09,0.0,0,88.9,1,4,1.0,1
S01410,MECH,2,6.69,1.0,0,,1,4,0.0,0
S00851,MECH,3,7.46,1.0,0,,3,0,0.0,0
S01064,MECH,3,6.87,,0,,1,1,1.0,1
S01038,CSE,1,7.21,3.0,0,82.0,0,4,0.0,0
S02227,CSE,2,7.18,3.0,3,79.0,2,4,0.0,0
S00007,CSE,1,8.16,0.0,2,47.0,1,2,0.0,0
S01907,CSE,3,8.34,0.0,2,72.9,1,1,0.0,0
S00366,IT,3,7.31,2.0,6,75.4,0,4,0.0,0
S01112,IT,2,6.6,3.0,5,43.4,2,0,0.0,0
S01197,MECH,1,6.17,1.0,1,52.7,5,3,0.0,0
S02224,CSE,2,8.14,0.0,6,65.2,6,4,1.0,1
S01853,IT,2,8.39,0.0,0,60.4,1,2,0.0,0
S01960,MECH,3,5.62,2.0,0,12.4,1,2,0.0,0
S01508,ECE,3,7.79,0.0,1,,3,1,1.0,1
S02478,MECH,3,8.76,0.0,3,73.3,0,2,0.0,0
S00804,IT,2,7.27,0.0,2,43.0,2,1,0.0,0
S00492,CSE,3,6.57,0.0,1,35.4,3,4,1.0,1
S01383,EEE,3,6.94,0.0,0,40.9,0,1,0.0,0
S02465,CSE,1,8.24,0.0,3,70.7,4,3,1.0,1
S02172,CIVIL,2,6.94,2.0,0,61.2,1,1,,0
S00994,CSE,2,7.11,,3,50.8,2,3,1.0,1
S02400,CSE,2,6.53,1.0,4,52.6,2,0,0.0,0
S01341,CSE,3,6.96,1.0,3,42.5,2,4,0.0,0
S01751,EEE,3,7.6,2.0,1,60.7,1,2,0.0,0
S00306,CSE,3,6.57,0.0,2,28.6,2,0,0.0,0
S00978,CSE,2,7.67,0.0,0,,2,2,1.0,1
S00489,ECE,2,7.64,1.0,0,73.1,0,2,0.0,0
S02344,MECH,2,7.61,0.0,0,60.4,1,0,0.0,0
S00653,IT,2,6.33,1.0,0,,4,3,1.0,0
S01779,IT,2,7.9,0.0,0,76.6,1,4,0.0,0
S00185,CSE,3,7.88,0.0,0,59.3,2,3,1.0,1
S00797,EEE,2,7.18,0.0,2,,3,1,0.0,0
S00219,ECE,2,7.76,0.0,2,70.2,0,4,1.0,1
S02210,EEE,3,8.16,0.0,0,,1,3,0.0,1
S02045,CIVIL,2,6.3,2.0,0,44.0,1,3,0.0,0
S00699,CSE,2,6.62,0.0,0,64.4,0,2,1.0,1
S01547,CSE,1,5.32,1.0,3,,2,4,0.0,0
S02174,CSE,3,6.4,2.0,2,37.5,0,4,0.0,0
S01753,IT,1,,1.0,0,57.1,1,3,1.0,1
S00381,ECE,3,8.88,0.0,0,54.3,2,3,0.0,0
S00256,IT,3,7.35,0.0,3,51.4,2,1,1.0,1
S02377,CSE,1,9.81,0.0,1,93.5,5,3,1.0,1
S02114,CIVIL,3,,1.0,3,,3,3,0.0,0
S01388,CSE,3,5.82,2.0,3,19.2,1,2,1.0,0
S00771,MECH,2,,2.0,6,64.9,4,4,0.0,0
S00260,EEE,3,6.44,0.0,4,,4,1,0.0,0
S01637,CSE,3,6.51,1.0,3,62.0,0,2,1.0,1
S01163,EEE,1,7.97,0.0,6,45.3,1,2,0.0,0
S00355,IT,1,5.78,1.0,0,49.5,1,0,0.0,0
S01571,CSE,2,7.2,,0,,2,0,0.0,0
S02023,CIVIL,1,8.03,0.0,3,58.0,4,0,0.0,0
S00402,CSE,2,7.32,1.0,3,58.9,1,3,,1
S00613,MECH,2,8.68,1.0,0,66.9,3,4,0.0,0
S01220,CSE,2,8.41,1.0,0,65.5,2,4,0.0,0
S01989,CSE,3,8.56,0.0,5,67.1,5,3,1.0,1
S02469,CSE,3,6.36,0.0,5,49.3,1,0,1.0,1
S01368,CSE,1,5.97,1.0,2,29.0,2,4,0.0,0
S01239,MECH,1,7.37,0.0,0,69.2,0,2,0.0,0
S01808,IT,2,7.96,0.0,0,,0,4,0.0,0
S01071,MECH,3,7.87,1.0,6,,2,0,1.0,1
S01110,IT,1,8.88,0.0,5,54.2,3,4,1.0,1
S00237,MECH,1,6.83,0.0,5,49.5,1,0,0.0,0
S01826,CSE,2,7.06,,6,66.4,0,1,1.0,1
S01920,CSE,1,7.69,0.0,0,74.6,3,3,1.0,1
S00113,EEE,3,,0.0,6,57.8,2,3,0.0,0
S00030,MECH,2,5.0,0.0,0,,2,1,0.0,0
S01913,CSE,3,6.47,2.0,6,,0,1,1.0,1
S01398,CSE,1,7.67,0.0,0,,3,3,1.0,1
S02336,ECE,3,8.02,0.0,0,,1,4,1.0,1
S01198,ECE,3,7.83,2.0,0,31.7,1,0,0.0,0
S01491,CSE,1,5.69,2.0,4,26.0,0,4,0.0,0
S01138,IT,1,5.82,0.0,2,27.9,0,1,0.0,0
S00917,ECE,3,6.63,0.0,6,,4,4,0.0,0
S00024,CSE,2,7.43,0.0,0,,1,3,0.0,0
S01539,CSE,2,6.66,,3,40.2,2,3,0.0,0
S00955,CIVIL,1,6.94,0.0,3,54.4,0,0,0.0,0
S00581,ECE,1,5.29,1.0,1,25.4,0,4,0.0,0
S00556,IT,2,7.51,2.0,5,,1,1,0.0,0
S01599,CSE,2,6.89,0.0,0,,1,0,0.0,0
S00368,ECE,3,6.87,1.0,1,39.6,1,3,0.0,0
S02411,EEE,3,6.67,0.0,0,,1,2,0.0,0
S01350,IT,2,7.58,1.0,1,38.1,0,0,0.0,0
S02072,CSE,3,6.98,0.0,0,50.2,2,0,0.0,0
S02315,CIVIL,2,8.23,0.0,6,66.8,1,2,0.0,0
S00956,EEE,2,7.58,2.0,5,33.3,2,3,0.0,0
S00272,ECE,1,8.47,0.0,5,55.4,0,3,0.0,0
S01151,IT,2,8.36,0.0,2,59.8,0,0,0.0,0
S00311,EEE,3,7.52,1.0,0,45.7,4,4,0.0,0
S02129,CSE,1,7.23,2.0,5,66.8,1,2,0.0,0
S01068,CIVIL,3,6.66,1.0,2,49.6,0,1,,0
S00628,EEE,1,8.17,0.0,5,79.0,2,2,0.0,1
S02093,ECE,3,8.2,1.0,2,,2,4,,0
S00753,IT,2,5.96,1.0,0,50.8,1,4,0.0,0
S01623,CSE,2,,3.0,2,43.8,3,4,0.0,0
S02409,CSE,3,7.82,,0,51.3,2,1,0.0,0
S00702,EEE,1,7.74,0.0,0,,0,4,0.0,0
S02491,EEE,3,7.91,0.0,1,,0,4,1.0,1
S02366,CSE,3,6.71,1.0,5,52.9,1,0,1.0,1
S01910,CSE,2,7.97,0.0,4,,3,4,0.0,0
S00866,ECE,3,6.39,0.0,6,73.2,1,0,0.0,0
S02473,IT,1,6.64,2.0,0,24.0,3,2,0.0,0
S02413,ECE,1,8.04,0.0,0,65.6,2,4,0.0,0
S01577,MECH,1,7.81,0.0,0,,2,2,0.0,0
S01536,CIVIL,2,6.64,2.0,0,40.4,1,4,0.0,0
S00072,CSE,2,8.66,,0,76.9,1,4,1.0,1
